:020000040800F2
:1000000088220020E52700083D0200083F02000882
:1000100043020008470200084B02000800000000ED
:100020000000000000000000000000004F02000877
:100030005102000800000000530200083147000888
:10004000FF270008FF270008FF270008FF270008F8
:10005000FF270008FF270008FF270008FF270008E8
:10006000FF270008FF270008FF270008FF270008D8
:10007000FF270008FF270008FF270008FF270008C8
:10008000FF270008FF270008FF270008FF270008B8
:10009000FF270008FF270008FF270008FF270008A8
:1000A000FF270008FF270008FF270008FF27000898
:1000B000674A0008FB4A0008FF270008FF270008DE
:1000C000FF270008FF270008FF270008FF27000878
:1000D000FF270008714F0008A7500008AD51000825
:1000E000FF270008FF270008FF270008FF27000858
:1000F000FF270008FF270008FF270008FF27000848
:10010000FF270008FF270008FF270008FF27000837
:10011000FF270008FF270008FF270008FF27000827
:10012000FF270008FF270008FF270008FF27000817
:1001300000F002F800F073F80AA090E8000C824486
:100140008344AAF10107DA4501D100F068F8AFF263
:10015000090EBAE80F0013F0010F18BFFB1A43F0A5
:10016000010318472CD500004CD500000A444FF07D
:10017000000C10F8013B13F0070408BF10F8014B06
:100180001D1108BF10F8015B641E05D010F8016B4B
:10019000641E01F8016BF9D113F0080F1EBF10F8AF
:1001A000014BAD1C0C1B09D16D1E58BF01F801CBD2
:1001B000FAD505E014F8016B01F8016B6D1EF9D555
:1001C0009142D6D37047000000230024002500266A
:1001D000103A28BF78C1FBD8520728BF30C148BFAA
:1001E0000B60704766290CF0F685642909F01A81C6
:1001F000732909F05C86002070471FB509F0A0FE46
:100200000400002000210BF00DFC401C6060002069
:1002100000210BF0F1FBE0601FBD10B510BD0AF02E
:1002200055F91146FFF7E9FF03F01EFF0AF07CF9CC
:1002300003B4FFF7F2FF03BC0AF0C0F9704700BF38
:10024000FEE700BFFEE700BFFEE700BFFEE7704726
:10025000704770470CB50020019000906C48006812
:1002600040F480306A49086000BF6948006800F4C3
:10027000003000900198401C0190009818B9019836
:10028000B0F5A06FF1D16248006800F4003010B101
:100290000120009001E0002000900098012843D147
:1002A0005C48006840F010005A4908600846006841
:1002B00020F0030008600846006840F00200086073
:1002C00053484068524948600846406848600846BC
:1002D000406840F4806048600846406820F47C1024
:1002E00048600846406840F4E810486008460068E6
:1002F00040F08070086000BF4548006800F0007062
:100300000028F9D04248406820F003004049486086
:100310000846406840F00200486000BF3C48406822
:1003200000F00C000828F9D10CBD10B5FFF792FFC2
:1003300010BD10B53648006840F00100344908602F
:10034000084640683449084031494860084600681A
:10035000324908402E4908600846006820F4802091
:1003600008600846406820F4FE0048604FF41F0013
:100370008860FFF7DAFF4FF000602949086010BD80
:1003800010B5002100200022214B5B6803F00C0116
:1003900021B1042906D0082928D107E0214B224C9D
:1003A000236027E01F4B204C236023E0184B5B6841
:1003B00003F47010164B5B6803F48032022303EBE6
:1003C000904022B9194B4343174C23600DE0104B6A
:1003D0005B6803F4003323B1144B4343124C236096
:1003E00003E0104B4343104C236003E00D4B0E4CD5
:1003F000236000BF00BF064B5B68C3F303130C4CC4
:10040000E15C094B1B68CB40074C236010BD00002A
:1004100000100240002002400000FFF8FFFFF6FE3F
:1004200008ED00E000127A000000002000093D0005
:100430000400002010B50446CC48844208D10121B4
:10044000042000F02DFB0021042000F029FB46E0F1
:10045000C748844208D10121082000F021FB002177
:10046000082000F01DFB3AE0C248844208D1012177
:10047000102000F015FB0021102000F011FB2EE0F1
:10048000BD48844208D10121202000F009FB002151
:10049000202000F005FB22E0B848844208D1012169
:1004A000402000F0FDFA0021402000F0F9FA16E0AB
:1004B000B348844208D10121802000F0F1FA0021E4
:1004C000802000F0EDFA0AE0AE48844207D1012115
:1004D000801500F0E5FA0021A01500F0E1FA10BD4A
:1004E00010B50121084600F0DBFA0021012000F0E0
:1004F000D7FA10BD2DE9F041024600250026002064
:1005000000230024002791F803C00CF00F0591F898
:1005100003C00CF0100CBCF1000F03D091F802C026
:100520004CEA050591F800C0BCF1000F31D0146809
:1005300000202BE04FF0010C0CFA00F3B1F800C0E2
:100540000CEA03069E4220D183004FF00F0C0CFAF8
:1005500003F7BC4305FA03FC4CEA040491F803C01A
:10056000BCF1280F06D14FF0010C0CFA00FCC2F8C8
:1005700014C00AE091F803C0BCF1480F05D14FF058
:10058000010C0CFA00FCC2F810C0401C0828D1D3A2
:100590001460B1F800C0BCF1FF0F34DD54680020D6
:1005A0002EE000F1080C4FF0010808FA0CF3B1F846
:1005B00000C00CEA03069E4221D183004FF00F0CCD
:1005C0000CFA03F7BC4305FA03FC4CEA040491F867
:1005D00003C0BCF1280F05D100F1080C08FA0CF893
:1005E000C2F8148091F803C0BCF1480F07D100F1A4
:1005F000080C4FF0010808FA0CF8C2F81080401CF3
:100600000828CED35460BDE8F0814FF6FF71018019
:10061000022181700421C170704702460020936856
:100620000B400BB1012000E00020704701468868B4
:1006300080B2704702460020D3680B400BB1012006
:1006400000E0002070470146C86880B27047016131
:100650007047416170470AB1016100E04161704734
:10066000C16070474FF480320A43826181618261C8
:1006700082698269704702460020434B18684FF632
:100680008073184040EA021008433F4B18607047DF
:100690003E49C8617047F0B50A4600230024002196
:1006A000002500F00046B6F1004F02D1364EF16948
:1006B00001E0354E7168C0F3034583B200F4401683
:1006C000B6F5401F08D121F070612F4E766826F0F4
:1006D00070662D4F7E6012E000F48016B6F5801F24
:1006E00006D1032606FA05F4A14341F0706106E045
:1006F000460D360103FA06F6B14341F0706122B1AE
:10070000460D360103FA06F6314300F00046B6F115
:10071000004F02D11C4EF16101E01B4E7160F0BD33
:1007200030B500228B071C0F0F2303FA04F2164B7F
:1007300008338C1053F824309343134C08348D1035
:1007400044F8253023468C1053F824308C07240FAE
:1007500000FA04F423430C4C08348D1044F825307F
:1007600030BD0A49DC3108607047000000080140D4
:10077000000C01400010014000140140001801402D
:10078000001C014000200140000001400000204208
:10079000DF48006840F00100DD4908600846406815
:1007A000DC490840DA49486008460068DA490840F0
:1007B000D74908600846006820F480200860084691
:1007C000406820F4FE0048604FF41F0088607047C6
:1007D000CF49096821F48031CD4A1160114609687A
:1007E00021F480211160B0F5803F03D0B0F5802F57
:1007F0000ED106E0C649096841F48031C44A11604F
:1008000007E0C349096841F4A021C14A116000E032
:1008100000BF00BF704710B5014600220023002032
:100820004A11012A02D1BA4C236806E0022A02D1F9
:10083000B74C236A01E0B64C636A01F01F02012441
:1008400094401C400CB1012000E0002010BD38B5E0
:10085000002000900024002500BF3120FFF7DBFFBF
:1008600005460098401C00900098B0F5A06F01D09C
:10087000002DF2D03120FFF7CEFF08B1012400E0B7
:100880000024204638BD01460020A14A106820F00F
:10089000F80040EAC10010607047A0490860704746
:1008A000024600209A4B586820F47C1042EA01036B
:1008B0001843974B5860704798490866704701463F
:1008C0000020934A506820F00300084350607047AE
:1008D0008F48406800F00C007047014600208C4AA9
:1008E000506820F0F0000843506070470146002037
:1008F000874A506820F4E060084350607047014622
:100900000020834A506820F4605040EAC1005060E3
:10091000704729B17E4A527A02437D4B5A7204E0F5
:100920007B4A527A82437A4B5A7270477B49D8315C
:100930000860704701460020754A506820F4404026
:100940000843506070470021714A20321170704A8C
:1009500082F82010012802D004280AD104E00121E5
:100960006B4A2032117005E00521694A203211706E
:1009700000E000BF00BF70476949086070476449E4
:10098000096A0143624A1162704765494439086047
:10099000704730B500210022002400235C4D6D68B3
:1009A00005F00C0121B1042905D0082923D105E067
:1009B0005C4D056022E05B4D05601FE0544D6D68A5
:1009C00005F47012524D6D6805F48034022505EB74
:1009D00092421CB9544D554305600BE04C4D6D6877
:1009E00005F400351DB1504D5543056002E04D4DF5
:1009F0005543056002E04B4D056000BF00BF444D0C
:100A00006D6805F0F0010909484D6B5C0568DD4033
:100A100045603F4D6D6805F4E061090A434D6B5C2C
:100A20004568DD4085603A4D6D6805F46051C90A3E
:100A30003E4D6B5C4568DD40C560354D6D6805F425
:100A40004041890B3A4D6B5CC568B5FBF3F5056118
:100A500030BD29B12E4A526902432D4B5A6104E040
:100A60002B4A526982432A4B5A61704729B1284A5E
:100A700092690243264B9A6104E0254A92698243B7
:100A8000234B9A61704729B1214AD2690243204B16
:100A9000DA6104E01E4AD26982431D4BDA61704775
:100AA00029B11B4AD2680243194BDA6004E0184AA4
:100AB000D2688243164BDA60704729B1144A126932
:100AC0000243134B1A6104E0114A12698243104B2E
:100AD0001A61704712494039086070470F49C8646D
:100AE00070470B49C87170470948406A40F08070F0
:100AF00007494862704701460020054A92680A404B
:100B00000AB1012000E00020704701498872704757
:100B1000001002400000FFF8FFFFF6FE0000424216
:100B20008004424200127A0000093D0014000020B7
:100B30002400002031490143314A1160704770B5EB
:100B4000002100230F22C47804B32D4C246804F440
:100B5000E064C4F5E064210AC1F10403CA404478AA
:100B600004FA03F18478144021430901254C0678E6
:100B7000A155047804F01F050124AC4005786D11DF
:100B8000AD0005F1E025C5F8004109E0047804F066
:100B90001F050124AC401C4D0678761145F826400F
:100BA00070BD1A4A0A400243154B1B1F1A6070475A
:100BB00039B1134A121D12680243114B1B1D1A60F2
:100BC00006E00F4A121D126882430D4B1B1D1A606E
:100BD0007047042808D14FF0E021096941F0040171
:100BE0004FF0E022116107E04FF0E021096921F0A8
:100BF00004014FF0E0221161704700000000FA0587
:100C00000CED00E000E400E080E100E080FFFF1F69
:100C100010B50446FB48844209D101218803FFF73F
:100C20003FFF00214FF48040FFF73AFF32E0F648E3
:100C3000844209D101214804FFF73FFF00214FF40E
:100C40000030FFF73AFF25E0F048844209D1012146
:100C50008804FFF732FF00214FF48020FFF72DFFBB
:100C600018E0EB48844209D10121C804FFF725FFB1
:100C700000214FF40020FFF720FF0BE0E5488442FD
:100C800008D101210805FFF718FF00214FF480105B
:100C9000FFF713FF10BD2DE9F04786B005460E465D
:100CA0000024A24600BFA1460027B08900B100BFC2
:100CB0002F462C8A4CF6FF700440F08804432C82A7
:100CC000AC894EF6F3100440B0883189084371892D
:100CD00008430443AC81AC8A4FF6FF400440B0891E
:100CE0000443AC8201A8FFF754FEC648874202D1F4
:100CF000DDF810A001E0DDF80CA0A88900F40040A8
:100D000040B10AEBCA0000EB0A1031684900B0FBA1
:100D1000F1F807E00AEBCA0000EB0A10316889001D
:100D2000B0FBF1F86420B8FBF0F004012009642165
:100D300001FB1089A88900F4004040B1322000EB8B
:100D4000C900B0FBF1F000F00700044308E03220D6
:100D500000EB09106421B0FBF1F000F00F00044338
:100D60002C8106B0BDE8F0874FF4165101600021D8
:100D70008180C18001810C214181002181817047E6
:100D800010B502460020108A4FF2FF0318400B886E
:100D90004C8823438C882343CC88234318431082F8
:100DA00010BD0021018041808180C180704721B148
:100DB000828942F40052828104E082894DF6FF73F9
:100DC0001A4082817047F0B50346002400260025B2
:100DD000002040F66A17B94200D100BF1846C1F39F
:100DE000421401F01F06012707FA06F5012C01D174
:100DF0000C3004E0022C01D1103000E014301AB1A4
:100E000007682F43076002E00768AF430760F0BD43
:100E10001AB1838A0B43838202E0838A8B438382E5
:100E20007047028A4FF6F0731A400282028A0A4320
:100E30000282704782894FF2FF731A408281828951
:100E40000A438281704721B1828942F00202828185
:100E500004E082894FF6FD731A4082817047028A4E
:100E60004FF6DF731A400282028A0A4302827047F9
:100E700021B1028A42F48042028204E0028A4BF6E7
:100E8000FF731A4002827047C1F3080282807047E4
:100E900001468888C0F308007047818941F001014C
:100EA00081817047028BD2B20283028B42EA012217
:100EB00002837047028B02F47F420283028B0A4353
:100EC0000283704721B1828A42F02002828204E0CC
:100ED000828A4FF6DF731A408282704721B1828A7C
:100EE00042F01002828204E0828A4FF6EF731A40C9
:100EF0008282704721B1828A42F00802828204E035
:100F0000828A4FF6F7731A408282704721B1828934
:100F100042F40042828103E08289C2F30E028281A0
:100F2000704721B1828A42F40062828204E0828AA0
:100F30004FF2FF731A4082827047828A4FF6FB732A
:100F40001A408282828A0A438282704721B1828A51
:100F500042F00202828204E0828A4FF6FD731A4058
:100F60008282704702460020B1F5007F00D100BFA9
:100F700013880B400BB1012000E00020704701F402
:100F80000072B2F5007F00D100BFCA4302807047F3
:100F900070B50246002400230025002040F66A16A2
:100FA000B14200D100BFC1F3421501F01F03012679
:100FB00006FA03F3012D02D19689334006E0022D93
:100FC00002D1168A334001E0968A33400C12012682
:100FD00006FA04F41688344013B10CB1012000E085
:100FE000002070BD10B50022002340F66A14A14213
:100FF00000D100BF0A1201249440A3B2DC43048054
:1010000010BD00000038014000440040004800408E
:10101000004C00400050004010B50446FE48844299
:1010200008D10121C014FFF73BFD0021E014FFF7B8
:1010300037FDC4E0B4F1804F08D101210846FFF725
:101040003CFD00210120FFF738FDB8E0F348844261
:1010500008D101210220FFF730FD00210220FFF717
:101060002CFDACE0EE48844208D101210420FFF7BA
:1010700024FD00210420FFF720FDA0E0E948844280
:1010800008D101210820FFF718FD00210820FFF7F3
:1010900014FD94E0E448844208D101211020FFF7B8
:1010A0000CFD00211020FFF708FD88E0DF48844296
:1010B00008D101212020FFF700FD00212020FFF7AB
:1010C000FCFC7CE0DA48844208D101214014FFF79F
:1010D000E7FC00216014FFF7E3FC70E0D548844290
:1010E00009D10121C804FFF7DBFC00214FF40020E7
:1010F000FFF7D6FC63E0D048844209D101210805FE
:10110000FFF7CEFC00214FF48010FFF7C9FC56E03A
:10111000CA48844209D101214805FFF7C1FC0021DA
:101120004FF40010FFF7BCFC49E0C548844208D1E9
:1011300001214020FFF7C1FC00214020FFF7BDFC4A
:101140003DE0C048844208D101218020FFF7B5FC72
:1011500000218020FFF7B1FC31E0BB48844208D178
:1011600001218015FFF7A9FC0021A015FFF7A5FCC0
:1011700025E0B648844209D101210804FFF790FC1C
:1011800000214FF48030FFF78BFC18E0B048844218
:1011900009D101214804FFF783FC00214FF40030FE
:1011A000FFF77EFC0BE0AB48844208D101218804A4
:1011B000FFF776FC00214FF48020FFF771FC10BD93
:1011C00000220288944B98420ED0994B98420BD043
:1011D000B0F1804F08D0914B984205D0904B984287
:1011E00002D0904B984204D14FF68F731A404B882F
:1011F0001A438D4B984207D08C4B984204D04FF63F
:10120000FF431A40CB881A4302808B8883850B8862
:101210000385814B98420BD0854B984208D08B4B6D
:10122000984205D08A4B984202D08A4B984201D10D
:101230000B7A038601238382704770B50024002255
:101240000023058C4FF6FE7635400584028C83889A
:10125000048B4FF68F752C40B51E2C400D882C4307
:10126000751E2A400D892A434D882A436A4DA8429B
:101270000BD06F4DA84208D0744DA84205D0744DD4
:10128000A84202D0734DA84213D14FF6F7752A40F9
:101290004D892A434FF6FB752A408D882A434FF625
:1012A000FF652B404FF6FF552B408D892B43CD8991
:1012B0002B4383800483CD888586028470BD70B5FE
:1012C000002400220023058C4FF6EF76354005847C
:1012D000028C8388048B48F6FF752C404FF6FF453F
:1012E0002C400D884FF6FF7606EA05252C434FF675
:1012F000DF752A400D8906EA05152A434D8806EA5E
:1013000005152A43444DA84202D0494DA8421DD19B
:101310004FF67F752A404D894FF6FF7606EA051590
:101320002A434FF6BF752A408D8806EA05152A43E1
:101330004FF6FF352B404FF2FF752B408D8906EAA3
:1013400085052B43CD8906EA85052B4383800483DD
:10135000CD880587028470BD70B50024002200236B
:10136000058C4FF6FF6635400584028C8388848B9C
:101370004FF68F752C404FF6FC752C400D882C4392
:101380004FF6FF552A400D894FF6FF7606EA0525F0
:101390002A434D8806EA05252A431F4DA84202D05C
:1013A000234DA8421DD14FF2FF752A404D894FF6BB
:1013B000FF7606EA05252A434FF6FF352A408D8839
:1013C00006EA05252A434EF6FF752B404DF6FF75BC
:1013D0002B408D8906EA05152B43CD8906EA0515B4
:1013E0002B4383808483CD888587028470BD70B54C
:1013F000002200230024058C4EF6FF76354005843C
:10140000038C8488828B48F6FF752A404FF6FF458F
:101410002A400D8820E00000002C0140000400401C
:1014200000080040000C0040001000400014004084
:1014300000340140004C0140005001400054014084
:1014400000180040001C0040002000400040014007
:1014500000440140004801404FF6FF7606EA0525AA
:101460002A434DF6FF752B400D8906EA05352B43BF
:101470004D8806EA05352B43FA4DA84202D0FA4DB5
:10148000A84208D14BF6FF752C408D894FF6FF76A8
:1014900006EA85152C4384808283CD88A0F84050CD
:1014A000038470BD828B4FF2FF331A408283828B9C
:1014B0004FF6FF7303EA01231A4382837047F0B5A6
:1014C0000C461546002200210026078C4EF6FF7CB4
:1014D00007EA0C070784828B018C4FF6FF7707EA37
:1014E000043640F6FF473A404FF6FF7707EA0527F4
:1014F0003A434FF6FF7707EA03373A43D94FB842EA
:101500000ED0D94FB8420BD0B0F1804F08D0D74F92
:10151000B84205D0D64FB84202D0D64FB84206D115
:101520004DF6FF77394046F48057394305E047F6DA
:10153000FF57394044F48057394382830184F0BD1A
:10154000828B4FF6F3731A408283828B0A43828325
:101550007047F0B50C461546002200210026078C86
:101560004FF6FF6C07EA0C070784828B018C4FF65D
:10157000FF7707EA04264FF60C773A404FF6FF77DD
:1015800007EA03172F433A43B64FB8420ED0B64F7F
:10159000B8420BD0B0F1804F08D0B44FB84205D05C
:1015A000B34FB84202D0B34FB84206D14FF6FF57FF
:1015B000394046F48077394305E04FF2FF57394010
:1015C00044F48077394382830184F0BD028B4FF26B
:1015D000FF331A400283028B4FF6FF7303EA0123A5
:1015E0001A4302837047F0B50C46154600220021CD
:1015F0000026078C4FF6EF7C07EA0C070784028B66
:10160000018C4FF6FF7707EA041640F6FF473A4091
:101610004FF6FF7707EA03373A434FF6FF7707EABB
:1016200005273A438F4FB8420ED08F4FB8420BD0A8
:10163000B0F1804F08D08D4FB84205D08C4FB842E2
:1016400002D08C4FB84206D14FF6DF77394046F0D2
:101650001007394305E04FF65F77394044F0100733
:10166000394302830184F0BD028B4FF6F3731A40B5
:101670000283028B0A4302837047F0B50C4615467D
:1016800000220021068C4FF6FE773E400684028B36
:10169000018C4FF60C7632407E1C06EA03162E4370
:1016A0003243704EB0420ED06F4EB0420BD0B0F10C
:1016B000804F08D06D4EB04205D06D4EB04202D082
:1016C0006C4EB04206D14FF6FD76314044F0010633
:1016D000314305E04FF6F576314044F001063143E1
:1016E00002830184F0BD70B505460C465D48854215
:1016F0000ED05D4885420BD0B5F1804F08D05B48D5
:10170000854205D05A48854202D05A48854200D1C8
:1017100000E000BF208850B92389A288618828464C
:10172000FFF7ABFFE1882846FFF79EFF25E0208802
:1017300004280AD12389A28861882846FFF753FF2D
:10174000E1882846FFF742FF17E0208808280AD1E1
:101750002389A28861882846FFF7FBFEE188284696
:10176000FFF7EEFE09E02389A28861882846FFF78B
:10177000A6FEE1882846FFF795FE70BD2DE9F041F1
:1017800005460C4600260127608808B9022600E0BD
:101790000026A088012801D1022700E00127208827
:1017A000A0B92389A28861882846FFF766FFE188EF
:1017B0002846FFF759FF23893A4631462846FFF766
:1017C00012FFE1882846FFF701FF13E02389A28872
:1017D00061882846FFF707FFE1882846FFF7F6FEF5
:1017E00023893A4631462846FFF747FFE1882846D5
:1017F000FFF73AFFBDE8F0810A884B881A438B88CF
:101800001A43CB881A430B891A434B891A438B8995
:101810001A43A0F8442070474FF6FF7181800021E1
:101820000180C180418001727047002101804180A8
:101830008180C180018141818181C1817047002106
:1018400001804180012181800021C1800181704798
:101850000021018041808180C1800181418181819D
:1018600070470000002C014000340140000400409B
:1018700000080040000C004021B1028842F0010243
:10188000028004E002884FF6FE731A40028070471F
:1018900031B1B0F8442042F40042A0F8442005E001
:1018A000B0F84420C2F30E02A0F8442070471AB1E9
:1018B00083890B43838102E083898B438381704753
:1018C0008182704741EA0203A0F8483070471AB19C
:1018D00083890B43838102E083898B438381704733
:1018E00001894FF6F8721140018170470A460021C4
:1018F00001894FF68F73194011430181704730B54C
:1019000004460D4629462046FFF7F0FF208940F0A7
:101910000700208130BD2DE9F04104460D461646F2
:101920001F46602D06D13B46012231462046FFF777
:101930005AFE05E03B46012231462046FFF79DFE58
:1019400029462046FFF7D2FF208940F0070020817A
:10195000BDE8F08130B50C4600210189C9B24FF6CF
:10196000FF7505EA0325154325432943018130BD51
:101970002DE9F04105460E46174698460024434699
:101980003A4631462846FFF7E5FF2C894FF6F870B6
:10199000044044F007044FF68F70044044F0700494
:1019A0002C81BDE8F081F0B504460D4616461F4671
:1019B0003B46324629462046FFF7CCFF208940F4BB
:1019C00080402081F0BD0185828270470A46002157
:1019D00001884FF68F731940114301807047F0B5AD
:1019E0000C4615461E460021002200230189028B69
:1019F000038C4FF6F877394021434FF6FC473A40C5
:101A000040F201173A434FF6DD773B404FF6FF7740
:101A100007EA06172F433B43018102830384F0BD8D
:101A20000A460021018B4FF68F7319401143018341
:101A300070470A460021018B48F6FF7319404FF6A4
:101A4000FF7303EA02231943018370470A4600210A
:101A5000818B4FF68F7319401143818370470A467B
:101A60000021818B48F6FF7319404FF6FF7303EA9C
:101A7000022319438183704721B1028842F080021A
:101A8000028004E002884FF67F731A40028070479C
:101A900021B1828842F00402828004E082884FF6FD
:101AA000FB731A408280704721B1828842F008029D
:101AB000828004E082884FF6F7731A408280704774
:101AC00021B1828842F00102828004E082884FF6D0
:101AD000FE731A40828070470A460021018B4FF640
:101AE000F77319401143018370470A460021018BA7
:101AF0004FF2FF7319404FF6FF7303EA02231943B5
:101B0000018370470A460021818B4FF6F773194015
:101B10001143818370470A460021818B4FF2FF7386
:101B200019404FF6FF7303EA02231943818370477C
:101B30000A460021018B4FF6FB73194011430183C4
:101B400070470A460021018B4FF6FF3319404FF6CC
:101B5000FF7303EA02231943018370470A460021F9
:101B6000818B4FF6FB7319401143818370470A46FE
:101B70000021818B4FF6FF3319404FF6FF7303EAC4
:101B800002231943818370470A460021018B4FF6D7
:101B90007F7319401143018370470A460021018B6E
:101BA000C1F30E014FF6FF7303EA022319430183C9
:101BB00070470A460021818B4FF67F73194011430D
:101BC000818370470A460021818BC1F30E014FF6D5
:101BD000FF7303EA02231943818370470A460021F9
:101BE000018C4FF6FD7319401143018470470A467A
:101BF0000021018C4FF6F77319401143018470479F
:101C00000A460021018C4FF6DF7319404FF6FF732F
:101C100003EA02131943018470470A460021018C2C
:101C20004FF67F7319404FF6FF7303EA021319430F
:101C3000018470470A460021018C4FF6FF5319407A
:101C40004FF6FF7303EA02231943018470470A46E3
:101C50000021018C4FF2FF7319404FF6FF7303EA26
:101C600002231943018470470A460021018C4DF676
:101C7000FF7319404FF6FF7303EA023319430184DF
:101C8000704730B5002301248C40A3B2048C9C43E0
:101C90000484048C02FA01F5ADB22C43048430BDF7
:101CA00030B5002304248C40A3B2048C9C430484EC
:101CB000048C02FA01F5ADB22C43048430BD70B53A
:101CC0000346002000241846183001258D40ACB290
:101CD0001D8CA5431D8409B1082909D100EB6100C1
:101CE000056825F0700505600568154305600EE080
:101CF0000D1FC5F34E052844056825F4E045056031
:101D000005684FF6FF7606EA02263543056070BD8A
:101D100021B1028842F00202028004E002884FF6FC
:101D2000FD731A400280704721B1028842F004021C
:101D3000028004E002884FF6FB731A40028070476D
:101D400021B1828842F08002828004E082884FF6CE
:101D50007F731A408280704702884FF6F7731A40EB
:101D6000028002880A430280704782884FF68F7390
:101D70001A40828082880A438280704702894FF627
:101D8000F8731A40028102890A430281704702896E
:101D90004FF67F731A40028102890A43028170471D
:101DA00081847047818570478186704701877047BD
:101DB00081877047A0F84010704702884FF6FF43B4
:101DC0001A40028002880A43028070470146888ECA
:101DD00070470146088F70470146888F704701465B
:101DE000B1F8400070470146888C70470146088D65
:101DF000704702460020138A0B400BB1012000E01F
:101E000000207047CA430282704730B50246002066
:101E100000230024158A05EA0103958905EA0104D7
:101E200013B10CB1012000E0002030BDCA43028292
:101E30007047000010B50446BE48844208D1012115
:101E40008014FEF72DFE0021A014FEF729FE16E0F7
:101E5000B948844208D101210014FEF72EFE00216A
:101E60002014FEF72AFE0AE0B448844207D101217B
:101E7000C013FEF722FE0021E013FEF71EFE10BD88
:101E800010B50022028802F441520B884C8823438B
:101E90008C882343CC8823430C8923434C892343D8
:101EA0008C892343CC8923431A430280838B4FF2CE
:101EB000FF74234083830B8A038210BD2DE9F04F0A
:101EC00085B005460C464FF0000902274FF0000888
:101ED0004FF0010B0026B246A88B4FF2400108409C
:101EE000A88302202884B5F81C90A068022801D19C
:101EF00000BF38E0A08810B94FF0010B01E04FF0AF
:101F0000020B8D48854200D100E000BF6846FEF715
:101F100040FDDDF800A0E088B0F5007F0AD14FEA6F
:101F20001A2000EB80004000A168B0FBF1F0401DDA
:101F300086B20BE04FEA4B10BAFBF0F000EB8000EA
:101F40004000A168B0FBF1F0401D86B20A20B6FB4C
:101F5000F0F606F00108A6EB0800C0F34F074FF6B5
:101F6000FF7000EA0828022F01DBFF2F02DD0227A5
:101F70004FF00008E08840EA080038432884A08831
:101F8000A1890843618808432188084340F4006020
:101F900040EA0909A5F81C9005B0BDE8F08F0021C2
:101FA000018041808180C180018141818181C18125
:101FB0000721018270470021018041808180C1801A
:101FC0000221816000218181704721B1028842F0A5
:101FD0004002028004E002884FF6BF731A4002807C
:101FE000704721B1828B42F48062828304E0828B4D
:101FF0004FF6FF331A408283704730B50024002328
:102000000C110125A540ABB21AB185881D4385800E
:1020100002E085889D43858030BD1AB183880B43DB
:10202000838002E083888B4383807047818170477F
:102030000146888970474FF6FF62914204D00288BA
:1020400042F48072028004E002884FF6FF631A4077
:102050000280704721B1828842F00402828004E04D
:1020600082884FF6FB731A408280704702884FF2D5
:10207000FF731A40028002880A4302807047018879
:1020800041F480510180704721B1028842F400522E
:10209000028004E002884DF6FF731A400280704708
:1020A00002460020012901D0108B00E0908A704781
:1020B0000146088A7047B1F5804F04D1028842F486
:1020C0008042028004E002884BF6FF731A400280CF
:1020D00070470246002013890B400BB1012000E03D
:1020E00000207047CA4302817047F0B502460020C5
:1020F00000240023002501F00F070126BE40B4B2E2
:102100000B1101269E40B3B2968806EA0305168994
:10211000264016B10DB1012000E00020F0BD10B541
:10212000002201F00F040123A3409AB2D34303819C
:1021300010BD00000030014000380040003C00406D
:1021400010B50446FA48844208D101214015FEF733
:10215000A7FC00216015FEF7A3FC17E0F5488442B8
:1021600008D101210015FEF79BFC00212015FEF788
:1021700097FC0BE0F048844208D10121C803FEF728
:102180008FFC00214FF40040FEF78AFC10BD30B5F3
:102190000246002000235068E84C20400D790C686E
:1021A00044EA0524204350609068E54C2040D1E982
:1021B00002542C434D7944EA450420439060D06A90
:1021C00020F470000C7C641EE4B2234340EA035008
:1021D000D06230BD00210160017141718160C16038
:1021E00001210174704721B1826842F001028260CE
:1021F00003E0826822F001028260704721B18268A8
:1022000042F48072826003E0826822F4807282600D
:10221000704710B50023CBB21AB144681C43446028
:1022200002E044689C43446010BD816841F00801AD
:1022300081607047014600208A6802F008020AB1F6
:10224000012000E000207047816841F004018160B6
:102250007047014600208A6802F004020AB101209A
:1022600000E00020704721B1826842F4A002826041
:1022700003E0826822F4A0028260704701460020D9
:102280008A6802F480020AB1012000E00020704751
:1022900010B50A4600210023416821F46041531E15
:1022A00041EA4331416010BD21B1426842F400620D
:1022B000426003E0426822F4006242607047F0B579
:1022C00004460D4600200021092D11DDE068A5F12E
:1022D0000A0606EB4607072606FA07F18843A5F12A
:1022E0000A0606EB460603FA06F10843E0600CE036
:1022F000206905EB4507072606FA07F1884305EB39
:10230000450603FA06F108432061072A0FDA606BDD
:10231000561E06EB86071F2606FA07F18843561E4F
:1023200006EB860605FA06F10843606322E00D2AF3
:102330000FDA206BD61F06EB86071F2606FA07F179
:102340008843D61F06EB860605FA06F1084320638C
:1023500010E0E06AA2F10D0606EB86071F2606FADA
:1023600007F18843A2F10D0606EB860605FA06F191
:102370000843E062F0BD21B1826842F480128260BD
:1023800003E0826822F48012826070470146C86CC4
:1023900080B2704766484C300068704721B142688F
:1023A00042F48062426003E0426822F4806242604C
:1023B000704721B1426842F48052426003E04268B3
:1023C00022F48052426070470A460021816821F45D
:1023D000E04111438160704721B1826842F40042BC
:1023E000826003E0826822F400428260704721B17B
:1023F000826842F40212826003E0826822F40212D0
:1024000082607047014600208A6802F400120AB117
:10241000012000E000207047F0B50446154600207A
:1024200000220026092911DDE068A1F10A0707EB67
:10243000470C072707FA0CF29043A1F10A0707EBB4
:10244000470703FA07F21043E0600CE0206901EB54
:10245000410C072707FA0CF2904301EB410703FAFE
:1024600007F210432061A06BC0F30156EF1C06F188
:10247000010CA7EB0C0707EB870C1F2707FA0CF2E0
:102480009043EF1C06F1010CA7EB0C0707EB870745
:1024900001FA07F21043A063F0BD10B50A4600210F
:1024A0000023816B21F44011531E41EA03518163E3
:1024B00010BD08B5002300930090009B0B440093CF
:1024C000009B1A6008BD08B50246002000900092EB
:1024D00001F12800009B184400900098006880B229
:1024E00008BD0A4600214168164B1940114341605E
:1024F00070474162826270470A460021416821F0BC
:102500001F0111434160704740B109490831096812
:1025100041F40001064A0832116007E0044908311D
:10252000096821F40001024A083211607047000076
:102530000024014000280140003C0140FFFEF0FF64
:10254000FDF7F1FFFFFD3FFF0246002013680B403F
:102550000BB1012000E000207047CA4302607047C1
:1025600070B502460020002300240B125568CEB23D
:1025700005EA060415681D4015B10CB1012000E004
:10258000002070BD00220A12D34303607047000090
:1025900001684FF6FE721140016000210160416048
:1025A0008160C1608D49884208D18C4908394968E9
:1025B00041F00F01894A083A51608AE08749143195
:1025C000884208D185490839496841F0F001834AB9
:1025D000083A51607DE081492831884208D17F491D
:1025E0000839496841F470617C4A083A516070E0EA
:1025F0007A493C31884208D178490839496841F420
:102600007041764A083A516063E07449503188421B
:1026100008D172490839496841F470216F4A083A73
:10262000516056E06D496431884208D16B490839E0
:10263000496841F47001694A083A516049E06749C4
:102640007831884208D165490839496841F070619C
:10265000624A083A51603CE06149884206D1011F54
:10266000096841F00F01021F116032E05C4914312A
:10267000884208D15A49091F096841F0F001584AB7
:10268000121F116025E056492831884208D154496B
:10269000091F096841F47061514A121F116018E066
:1026A0004F493C31884208D14D49091F096841F41E
:1026B00070414B4A121F11600BE04949503188426A
:1026C00007D14749091F096841F47021444A121F84
:1026D0001160704710B50022026847F6F0739A4304
:1026E0000C6A8B6823430C6923434C6923438C6930
:1026F0002343CC6923434C6A23438C6A23431A4304
:102700000260CB6843600B6883604B68C36010BD98
:102710000021016041608160C160016141618161AE
:10272000C161016241628162704721B1026842F079
:102730000102026004E002684FF6FE731A40026074
:1027400070471AB103680B43036002E003688B43D0
:1027500003607047416070470146486880B2704727
:1027600001460020002201F080531BB11C4B083BA6
:102770001A6802E0194B083B1A6802EA01030BB120
:10278000012000E00020704700F0805119B1144989
:10279000091F086002E01149083948607047014686
:1027A0000020002201F080531BB10D4B083B1A683A
:1027B00002E00A4B083B1A6802EA01030BB1012050
:1027C00000E00020704700F0805119B10449091F52
:1027D000086002E00149083948607047080002407B
:1027E000080402400948804709480047FEE7FEE721
:1027F000FEE7FEE7FEE7FEE7FEE7FEE7FEE7FEE7B1
:1028000004480549054A064B704700003303000899
:1028100031010008881C002088220020881E00202A
:10282000881E002010B5012002F0CDFD40F2FF709F
:1028300002F08BFFC022F849F84802F063FF002045
:1028400002F0C1FD10BD10B5F5480078012808D090
:1028500001F078FFF3490968401AF3490968884292
:1028600008D90020EE49087001F06CFFED490860BE
:10287000FFF7D8FF10BD70B504460D46EB48006861
:10288000844203D1EA480068854210D040F2DC500F
:10289000431B04F2DC52E7A1EF4806F05FFDEE486F
:1028A00002F036FDE1480460E148056070BD00BFFC
:1028B000FCE770B501F046FFE8490968401A44F6A4
:1028C0002061884202D90020E5490870E548407837
:1028D000732800D070BDE349097AC1F17F0001F08F
:1028E00007FDE1490978884202DA7F20DD49087254
:1028F000DC494979C1F17F0001F0FAFCDA49097835
:10290000884202DA7F20D7494871D649097AC1F155
:102910007F0001F0EDFC642806DD0120D04908703D
:1029200001F010FFCD490860CE48007AC0F17F0069
:10293000C400CC484079C0F17F00C500601BCB4982
:1029400008606019CA490860C8480068B0F57A7F15
:1029500004DD4FF47A70C549086007E0C348006899
:1029600010F57A7F02DAC348C0490860C0480068A1
:10297000B0F57A7F04DD4FF47A70BD49086007E056
:10298000BB48006810F57A7F02DABA48B849086097
:10299000B6480068B8490968884205D1B44800685B
:1029A000B6490968884214D0AD48007848B101F0B2
:1029B000C9FEAA490860AE480168AC480068FFF744
:1029C0005AFFAA480068AC490860A9480068AB49AA
:1029D000086000BF7EE72DE9F04F8DB00546002668
:1029E000284602F095FC287823286ED128795028B3
:1029F000FBD168795328F8D1A8794328F5D1E87933
:102A00004B28F2D1287B2128EFD168783038642117
:102A10004843A978303901EB810100EB4101E878A6
:102A20003038084484B2687A303864214843A97A3F
:102A3000303901EB810100EB4101E87A30380F18A1
:102A400017F5FA7F61DBB7F5FA7F5EDC082C5CDAFC
:102A5000287A2B2803D0287A2D2800D17F423846A7
:102A600009F099FACDE908016C498C3151F824003C
:102A700009F091FACDE90401814901EB041188685C
:102A800009F000FE7F4A804BCDE9000109F012F801
:102A9000CDE90201DDE9042309F00AFDCDE90601D3
:102AA000DDE9082309F006F8CDE90A0108F0D0FFB6
:102AB00082465A488C3040F82470744950460AF0D7
:102AC000D9F803D2DFF8C4A107E021E070495046ED
:102AD00009F0D0FF01D2DFF8B8A1504609F07EFF1F
:102AE000674901EB04114880654800EB0410C0F809
:102AF00008A00020624901EB0411C86001F022FE29
:102B0000484908600120464908700DB0BDE8F08FC3
:102B10002878232846D12879502843D16879442839
:102B200040D1A87953283DD1E87954283AD1287A60
:102B3000212837D16878303864214843A978303962
:102B400001EB810100EB4101E8783038084484B2A0
:102B5000082C0FDA00204A4901EB0411C8604849EB
:102B600001EB0411886809F039FF454901EB0411B4
:102B7000488016E0FF2C14D1002410E000204049CA
:102B800001EB0411C8603E4901EB0411886809F0AB
:102B900025FF3B4901EB04114880601C84B2082CDE
:102BA000ECDBB2E755E1A85D232813D10024701CAB
:102BB00086B208E0A85D04EB840100EB41003038E8
:102BC00084B2701C86B2A85D0028EBD0A85D5028A6
:102BD000E8D0EFE7A85D502860D14FF00009701CE5
:102BE00086B212E0A85D09F031FF2A490B904846F1
:102BF00009F074FF0A900B9909F070FD834626498D
:102C00000AF074F88146701C86B2A85D0028C9D00D
:102C1000A85D5428C6D0E5E700F87F00C80A002068
:102C2000400000204400002000010020040100209A
:102C3000080100207B233030365025303464423088
:102C4000303030212330303750253034644230303A
:102C50003030217D00000000C8020020F800002074
:102C6000FC000020E4010020FD000020E80000201E
:102C7000EC00002018FCFFFFF0000020F400002012
:102C800048020020D655815A0C1EA63F00101C4554
:102C90000000FA430000204100004042A85D542893
:102CA0007ED14FF00008701C86B209E0A85D08EBE9
:102CB000880100EB410030381FFA80F8701C86B2A2
:102CC000A85D10B1A85D2128F0D1082C75DAFE4965
:102CD000484609F0CFFE70D8FC49484609F0CAFFC3
:102CE0006BD842F21070804567DCF94951F8240036
:102CF00009F094FE8346494609F0F0FC8146F54907
:102D0000484609F0B7FF01D2DFF8C893EF494846BB
:102D100009F0B0FE01D2DFF8B493B8F1140F11DA64
:102D2000484609F05BFEEC4901EB04114880EA4893
:102D300000EB0410C0F808900020E74901EB0411F3
:102D4000C8603AE0484609F049FEE34901EB041146
:102D50004880E14800EB0410A0F80480DE4901EB54
:102D60000411888809F02EF90022DC4BCDE904011A
:102D700008F05CFFCDE90801D74901EB0411488850
:102D800009F064FE0590D44800EB041081680598B2
:102D900009F0ACFF834609F075FCCDE9060100E0BF
:102DA00055E0DDE9082308F041FFCDE90A0108F00C
:102DB0004FFEC94901EB0411C860FF2C49D1002422
:102DC00042E0C34951F8241001F2DC5009F026FE1C
:102DD0008146484609F002FEBF4901EB04114880D4
:102DE000BD4800EB0410A0F80480BB4901EB0411BE
:102DF000888809F0E7F80022B84BCDE9040108F013
:102E000015FFCDE90801B44901EB0411488809F028
:102E10001DFE0590B04800EB04108168059809F08C
:102E200065FF834609F02EFCCDE90601DDE90823A4
:102E300008F0FCFECDE90A0108F00AFEA64901EB04
:102E40000411C860601C84B2082C02DAB9E7701C57
:102E500086B2A85D00287FF4A6AE00BF55E62DE936
:102E6000FF470446894692469B4901EB0411A1F8AD
:102E70000290994901EB0411A1F804A0964901EBD5
:102E80000411888809F09EF807460022934B08F049
:102E9000CDFE05460E46904901EB0411488809F025
:102EA000D5FD80468C4800EB04108168404609F04F
:102EB0001DFF074609F0E6FB2A463346CDE900012F
:102EC00008F0B4FECDE9020108F0C2FD824901EB31
:102ED0000411C860824951F8240009F0D3FB4B4625
:102EE0002246CDF800A0CDE902017EA1844806F07B
:102EF00035FA834802F0E4F9BDE8FF872DE9FC5F6D
:102F00000646894692461F464FF00008C34686F0A3
:102F100000460021304609F0ADFD02D20020BDE898
:102F2000FC9F4FF0000B002413E0204609F076FDD3
:102F300001906B4810380090524649463046019B3C
:102F400004F009FB20B9444500DAA0464FF0010B1C
:102F5000641E14F1870FE8DABBF1000F1BD0404666
:102F600009F05CFD01905E481038009052464946D9
:102F70003046019B04F0EFFA002508E05848303055
:102F800050F825103A462846FFF769FF6D1C042DBE
:102F9000F4DB0120C3E70020C1E770B50246002141
:102FA0000020002323E0545C542C1ED14C1C145DE3
:102FB000303C4FF47A756C438D1C555D303D05EB0C
:102FC000C50606EB051504EB8505CC1C145D303CED
:102FD00004EB840405EB44050C1D145D303C2B19F7
:102FE000834200DD1846091D01E0491C00BF545C06
:102FF000002CD8D170BD10B50446012002F0E3F9D1
:103000004FF480613F4806F063FCE1017F223D48B8
:1030100002F012FB3B48FFF7C0FF3B49086039480C
:10302000FFF7D9FC224639A1354806F097F9344814
:1030300002F046F9002002F0C6F910BD02680B68E4
:1030400003600A60704713B5012002F0BCF9DDE9A6
:103050000001884203DD01A96846FFF7EFFF19E090
:103060004FF48061274806F033FC0098C1018022AC
:10307000244802F0E1FA234802F022F928A002F0E5
:103080001FF9204802F053F925A002F050F90098EA
:10309000401C0090DDE900018842E1DD002002F0E3
:1030A00092F91CBD012080F3138800BF00BF1D48AA
:1030B000006800F4E0601C490843001D19490860DD
:1030C000BFF34F8F00BF31E000401C450000FA43C2
:1030D000540B002000101C45480200200000344022
:1030E00000020020232530336450253034645425F9
:1030F0003034642128252E3166290D0A0000000095
:10310000C8020020C80600204800002040446F4745
:10311000726F7570202564204F4B210D0A0000004E
:103120000D0A00000CED00E00000FA0500BFFEE70C
:103130002DE9F14F88B0FDA1089801F094F883467D
:10314000BBF1000F03D0FBA002F0BAF8D7E2FCA15C
:10315000089801F088F88346BBF1000F24D00120C5
:10316000F94908704FF0000A10E00020F74901EB20
:103170000A11C860F54901EB0A11886809F02EFCB4
:10318000F24901EB0A1148800AF1010ABAF1080F6D
:10319000EBDBEFA002F0BCF800210846FFF76BFB69
:1031A000FF20EE490870AAE2EDA1089801F05BF853
:1031B0008346BBF1000F26D006AAEBA1089806F0C3
:1031C00009FA0028C2D00020E049069A01EB02115A
:1031D000C860DE49069A01EB0211886809F0FEFB1F
:1031E000DA49069A01EB02114880E2A1E548069A05
:1031F00006F0B4F8E34802F08BF84FF48061E14840
:1032000006F066FB7BE2E0A1089801F02CF883460B
:10321000BBF1000F01D0FFF745FFDDA1089801F0D9
:1032200022F88346BBF1000F0CD004AB05AADAA14B
:10323000089806F0CFF9002888D0DDE90410FFF7E0
:1032400002FF5CE2D7A1089801F00DF88346BBF1BC
:10325000000F0DD005AAD5A1089806F0BBF90028EB
:10326000A1D00120B84908700598FFF7C4FE46E2D6
:10327000D1A1089800F0F7FF8346BBF1000F23D0DF
:10328000CF48D04BD04AD1A10090089806F0A2F9BF
:10329000002888D00120AC490870CB480068C94993
:1032A000096888420BD0C8480068CC490860C44807
:1032B0000068CB4908600020A34908701FE2C2489B
:1032C0000068FFF798FE1AE2C6A1089800F0CBFF4D
:1032D0008346BBF1000F26D004AB05AAC3A1089812
:1032E00006F078F900288DD00598142802DD142006
:1032F000059006E0059810F1140F02DA6FF0130044
:1033000005900498142802DD1420049006E0049827
:1033100010F1140F02DA6FF013000490DDE90410CD
:10332000FFF7A9FAEBE1B4A1089800F09CFF8346EF
:10333000BBF1000F47D0FF2088490870B0A001F012
:10334000E7FF4FF0000A3AE0B14830F82A0000F2F7
:10335000DC507E4901EB0A1148804FF4FA607B494A
:1033600001EB0A118880794901EB0A11888808F07D
:1033700029FE06460022A74B08F058FCCDE90001C3
:10338000724901EB0A11488809F060FB07466F4853
:1033900000EB0A108168384609F0A8FC064609F0DF
:1033A00071F98046DDE9002308F040FC044608F08E
:1033B0004FFB664901EB0A11C8600AF1010ABAF134
:1033C000080FC1DB9BE194A1089800F04CFF8346F5
:1033D000BBF1000F04D000210846FFF74CFA8EE144
:1033E00090A1089800F03FFF8346BBF1000F03D087
:1033F0008EA001F065FF82E18DA1089800F033FFF7
:103400008346BBF1000F34D005AA8BA18D4806F08E
:10341000E1F8002886D051490598087008460078E0
:1034200003280BD008460078042807D00846007807
:10343000012803D008460078092807D10021084652
:10344000FFF719FA0020804908700DE04348007822
:1034500018B901207D49087006E00C210846FFF7E5
:103460000AFA0120794908706421012001F04DF821
:1034700045E177A1089800F0F6FE8346BBF1000F06
:103480001CD0FF20354908700A2000F0C8FE30A08B
:10349000FFF7A1FA0A2000F0C2FE71A001F038FF88
:1034A0000A2000F0BCFE77A001F00AFF0A2000F01D
:1034B000B6FE6421012001F028F820E173A10898EC
:1034C00000F0D1FE8346BBF1000F2DD002A803A966
:1034D00004AB05AACDE900106EA1089806F07AF8B1
:1034E00010B371A001F0ECFE039809F097FA0446BE
:1034F000049809F093FA0546059809F08FFA0646F4
:1035000022462946029BFFF7F9FC70B101210520F4
:1035100000F018FF322000F082FE0021052000F0AC
:1035200011FF322000F07BFEE9E0C9E02444525351
:103530002100000068656C6C6F20776F7264210059
:10354000244453542100000025010020480200209B
:10355000233235355044535421000000240100200B
:10356000244453543A000000244453543A2564211F
:1035700000000000232530336450445354210D0AC9
:1035800000000000C8020020245253542100000013
:10359000245054473A000000245054473A25642DE3
:1035A00025642100244447533A0000002444475333
:1035B0003A25642100000000244447543A000000EA
:1035C0003C000020380000203400002024444754F0
:1035D0003A25642D25642C25642100002C00002050
:1035E00030000020244443523A0000002444435257
:1035F0003A25642C2564210024444A52210000000D
:1036000023323535503135303054323030302100AE
:10361000540B002000003440244341525F53544F68
:103620005021000024474554412100004141410000
:1036300024534D4F4445000024534D4F44452564C9
:1036400021000000C8060020500100205E0100207B
:1036500024534D4152545F53544F502100000000F9
:103660007B233030365031353030543030303021DB
:103670002330303750313530305430303030217DC8
:1036800000000000404F4B2100000000244B4D5330
:103690003A000000244B4D533A25642C25642C2518
:1036A000642C25642100000054727920746F206618
:1036B000696E64206265737420706F733A0D0A003E
:1036C0000121052000F03EFE322000F0A8FD00217F
:1036D000052000F037FE322000F0A1FD0121052079
:1036E00000F030FE322000F09AFD0021052000F0AD
:1036F00029FE322000F093FDFAA001F0E1FD09B0AF
:10370000BDE8F08F2DE9F04107460E460025787898
:10371000397800EB0120F9490880F94800880988C8
:1037200088426ED0F5480088F6490880F348008842
:10373000F34909880840F14908800024EDE00120A0
:10374000A040EE490988084000287DD10120A04012
:10375000EB490988084000287FD04FF48061EA488F
:1037600006F0B6F8732E0DD1E84951F8240006F0A2
:1037700019F88046E54850F824104246E24806F021
:1037800030F810E0412E0DD1E14951F8240006F047
:1037900009F88046DE4850F824104246DA4806F020
:1037A00020F800E0B7E0DBA1D74800F05CFDC5B22F
:1037B0001DB10021681ED44A1154D7A1D24800F08F
:1037C00052FDF8B1002240F22551D448FDF7FBFA32
:1037D0000020D3490870CC490B31D24805F0BEFF18
:1037E000D049C94805F0BAFF0120CD49087001222F
:1037F00040F22551C948FDF7E6FA0120CA49087090
:1038000026E09CE0C9A1C04800F02DFD00B30022D5
:1038100040F22551C148FDF7D6FA0020C049087092
:10382000B9490B31BF4805F099FFBE49B64805F0CC
:1038300095FF0120BA490870012240F22551B7488E
:10384000FDF7C1FA022001E064E006E0B649087025
:103850004FF6FF70AA4908805CE04FF48061AA48E7
:1038600006F036F8732E0DD1A84951F8240005F062
:1038700099FF8046A54850F824104246A24805F01A
:10388000B0FF10E0412E0DD1A14951F8240005F000
:1038900089FF80469E4850F8241042469A4805F019
:1038A000A0FF00E037E09BA1974800F0DCFCC5B228
:1038B00085B39549481998A100F0D5FC90B192487C
:1038C0004119984805F04AFF964805F06BFF401EE5
:1038D000944900220A548C4805F040FF8A48FFF7BB
:1038E00027FC17E08849481990A100F0BCFC88B17A
:1038F000854841198B4805F031FF8A4805F052FF91
:10390000401E884900220A547F4805F027FF7E4860
:10391000FFF761F800BF601CC4B2102CFFF60FAFB8
:1039200078480088764908800121052000F00AFDCA
:103930000A2000F074FC0021052000F003FDBDE822
:10394000F08110B57A4800787A49C978884205D163
:10395000774840787749097988420BD07548417893
:10396000C01CFFF7CFFE7348C078714908707148DA
:103970000079487010BD10B500F0E4FE6E4909688A
:10398000401A322800D210BD00F0DCFE6A490860FF
:10399000684800F050FE00BFF5E710B567480078B2
:1039A00000285CD100F0CEFE0021654AD2E9003249
:1039B000C31A61EB0201634800680022C01A8A4101
:1039C00050DA00F0BFFE00215D4A03C25E48006885
:1039D00048B15E48006830B90120584908705CA0C1
:1039E00001F06EFC10BD5D480068FFF704FB5C4809
:1039F00000685C490968884218DA584800685949E3
:103A0000096888420CD156480068544908604E48FD
:103A1000006820B14D480068401E4C490860E1E74D
:103A20004E480068401C4D4908601BE04B48006848
:103A30004C49096888420CD14948006847490860E8
:103A40004148006820B141480068401E3F49086075
:103A5000C8E742480068401E4049086002E00A206A
:103A60003849086000BFBDE704E003788B4200D10D
:103A70000270401C0378002BF7D1704701460022EA
:103A800015E00878472811D1491C07E0087802EBB7
:103A9000820300EB4300303882B2491C08782328A7
:103AA00002D008782428F1D110467047491C0878C4
:103AB0000028E6D1401EF8E7F8B5044600250120AD
:103AC00001F081FC607824285AD1A078212857D1B0
:103AD0000021254880F88810FEF7A4FE23A001F0FD
:103AE000EFFBF8BD43616E27742066696E64206247
:103AF00065737420706F7321212100001E01002066
:103B00001C01002020010020C80600204C000020DD
:103B10008C0000205E0000002400000000380140FE
:103B200022010020C8020020230100202300000001
:103B3000E4000020E4010020E00000202501002036
:103B4000D8000020480000203C0000203000002069
:103B50004047726F7570446F6E6521002C00002025
:103B60003400002038000020C80A002040434C45A3
:103B70004152205052455F434D44204F4B2100009D
:103B80006078242830D1FD48FD4BFE4AFEA100900C
:103B9000204605F01FFD30B3FA480068F84909686F
:103BA000884207D1F7480068C1018022FB4801F034
:103BB00043FD0EE08121F94805F0ACFE611CF74899
:103BC00005F0CCFD204605F0EDFD801EF3490022F6
:103BD0000A542521F148083880F88810FEF722FEA3
:103BE000EFA001F06DFBF8BD2046FFF747FF05464B
:103BF000681C10B1A079232803D0EEA001F060FB6F
:103C0000F1E77B223C212046FFF72EFF7D223E215B
:103C10002046FFF729FFE801C11700EB11510913F6
:103C2000A0EB013131B9EE01F11706EB1151081388
:103C300001F08BFD204605F0B5FD401C86B2E90180
:103C40003246204601F05EFDDBA001F039FBDAA030
:103C500001F06DFB002001F0B6FB00BFC3E710B51B
:103C6000D648007848B3D6480078012803D1D54813
:103C7000FFF75EFA16E0D2480078022803D1D14857
:103C8000FEF7A9FE0EE0CE480078032803D1CD4808
:103C9000FEF7A1FE06E0CA480078042802D1C94810
:103CA000FFF70AFF0020C6490870C44908700122C6
:103CB00040F22551C448FDF786F810BD10B500F05C
:103CC00041FDC2490968401AB0F57A7F14D900F065
:103CD00039FDBE490860BE48007820B100210D20A2
:103CE00000F030FB03E001210D2000F02BFBB84871
:103CF0000078C043B649087010BD62B6704710B571
:103D00000121052000F01EFB00210D2000F01AFB10
:103D1000642000F084FA0021052000F013FB01214B
:103D20000D2000F00FFB642000F079FA012105203E
:103D300000F008FB00210D2000F004FB642000F0DF
:103D40006EFA0021052000F0FDFA01210D2000F09F
:103D5000F9FA642000F063FA0121052000F0F2FA7C
:103D600000210D2000F0EEFA642000F058FA002146
:103D7000052000F0E7FA01210D2000F0E3FA6420AD
:103D800000F04DFA10BD10B5472144F6206000F058
:103D900010FD10BD10B500208E49086027E07F4857
:103DA00084308C49096830F8210000F2DC508A49DF
:103DB000884A126801EB021148808749854A1268D7
:103DC00001EB0211488808F041FE8349814A1268DC
:103DD00001EB0211886000207F497E4A126801EBE6
:103DE0000211C8607B480068401C7A490860794825
:103DF00000680828D3DB6948083890F8880025282F
:103E000031D166496F4805F0A9FC64480838007A4A
:103E1000242803D16148FFF78BF924E010206D4975
:103E2000086016E0302167486A4A126881540246E9
:103E300068480068401C115466480068801C115492
:103E400064480068C01C1154624800680F30614922
:103E500008605C4805F0A6FC5E4909688842E1D824
:103E60005848FEF7B8FD10BD10B54FF4E13000F032
:103E7000CBFE012240F225515848FCF7A4FF58A080
:103E800001F055FAAFF6880001F042FA10BD10B506
:103E90004FF4E13000F059FF012240F225514A4829
:103EA000FCF791FF52A001F00BFA10BD10B500F025
:103EB00033FC10BD10B500F06CFB10BD10B5012037
:103EC00001F081FA01F0C3FAC0224D4933480838A5
:103ED00001F0B2FB3148083800684A49884205D0F1
:103EE00008462E4908390860002048602B480838E9
:103EF000D0F8AC00252818D00020364908600BE027
:103F0000002126488430334A126840F82210314894
:103F10000068401C2F4908602E4800680828EFDB25
:103F200025211E480838C0F8AC1000202949086037
:103F300072E01A4884302749096830F8210000F2FD
:103F4000DC5081B22448234A126800EB0210418001
:103F5000124984311F4A126851F8221001F2DC50D4
:103F600008F05CFD1C491B4A126801EB02118860D5
:103F700000201949174A126846E000003C00002062
:103F800038000020340000203C244447543A256483
:103F90002D25642C2564213E00000000D00A00205D
:103FA00040534554205052455F434D44204F4B21D0
:103FB0000000000045000000410000002201002038
:103FC00023010020C806002000380140D000002056
:103FD000D4000020280000204802002000480040B3
:103FE000756172743320636865636B206F6B2100A9
:103FF000756172743120636865636B206F6B21009B
:1040000000F87F00E1EE330101EB0211C860654862
:104010000068401C6349086062480068082888DB23
:10402000002001F0D0F910BD10B500F006FA10BD67
:1040300010B500F0ACF90021052000F083F910BDA7
:1040400010B500F06BF901210D2000F07BF910BDD7
:1040500010B500F059F910BD10B500F0EDF810BD25
:1040600010B500F01DFB10BD08B5FFF7F9FFFFF715
:10407000F3FFFFF7EDFFFFF7E3FFFFF7D9FFFFF7D0
:10408000D3FFFFF71BFFFFF715FFFFF70FFFFFF74A
:10409000FEFEFFF7E9FEFFF77DFEFFF774FEFFF778
:1040A0002EFEFFF72AFE01F0FFFC03F07CFD3E48E8
:1040B0003E4B3F4A3F4900903F4803F02FFA0FE044
:1040C000FFF7FCFDFFF7CBFDFFF767FCFFF753FCA5
:1040D000FFF737FCFEF7EDFBFEF7B5FB02F09CFAAD
:1040E000EEE710B502F0B1FE10BD10B54FF4E130AF
:1040F00000F0DAFD012240F225513048FCF763FE62
:104100002FA001F0F1F810BD2DE9F04105460C4655
:10411000284600F0EDF80646204600F0E9F8304465
:104120002B49086008460068192823DB0846006808
:10413000192191FBF0F6304608F070FC2549086023
:10414000284608F06BFC074622480168384608F00C
:10415000C5FC064608F026FC0546204608F05EFC35
:1041600007461C480168384608F0B8FC064608F0C7
:1041700019FC0446281918490860281B17490860CB
:104180000846006840F2DC510B1A1348006800F240
:10419000DC521349134805F0E1F8124801F0B8F871
:1041A000BDE8F08128000020F00100200000164347
:1041B0000000C4420000D2420000B442004400406B
:1041C000756172743220636865636B206F6B2100C8
:1041D00014010020180100200C0100201001002013
:1041E000342C0008C8020020704700BF011EA0F157
:1041F000010290B2FAD1704700BF011EA0F1010286
:1042000090B2FAD1704700B5034602E00620FFF7EE
:10421000ECFF181EA3F101018BB2F7D100BD10B560
:10422000044603E04FF47A70FFF7EDFF201EA4F17F
:1042300001018CB2F6D110BD002011E040F2DC513A
:104240002F4A02EB001251802E492D4A02EB001238
:10425000916000212A4A02EB0012D160411CC8B2D1
:104260000828EBDB704770B504460B4621461A461A
:1042700019E008781578A84214D10AE011F8015B1A
:1042800012F8016BB54204D0D01A081A411C1A4624
:1042900002E010780028F1D100BF107818B9081B8F
:1042A00080B270BD491C08780028E2D100BFF8E751
:1042B000F0B50C46002117E00A464B1C07E050F809
:1042C000226050F82370BE4200DD1A465B1CA342F8
:1042D000F5DB8A4207D050F8225050F8216040F8B0
:1042E000226040F82150491C661E8E42E4DCF0BD7D
:1042F0000146002901DD084670474842FCE70000FE
:10430000480200200080BB4410B501210D20FCF7BD
:10431000ADFB01218848FCF7BEF910BD08B50121AD
:104320000820FCF7A3FB4FF40050ADF8000010206C
:104330008DF8030003208DF8020069467F48FCF7E2
:10434000D9F808BD70B504460D4635B10120A0402E
:1043500081B27A48FCF77BF905E00120A04081B2E8
:104360007648FCF776F970BD10B57548007820B135
:1043700000210D20FFF7E6FF03E001210D20FFF7EC
:10438000E1FF6F480078C0436D49087010BD08B563
:1043900001210820FCF76AFB2020ADF80000102066
:1043A0008DF8030003208DF8020069466348FCF78E
:1043B000A1F808BD70B504460D46002616E001219F
:1043C0000520FFF7BFFF00210D20FFF7BBFFA0B2C4
:1043D000FFF725FF00210520FFF7B4FF01210D2085
:1043E000FFF7B0FFA0B2FFF71AFF761CAE42E6D38C
:1043F00070BD70B504460D4635B10120A04081B2B4
:104400005048FCF724F905E00120A04081B24D4856
:10441000FCF71FF970BD70B504460D4635B101209B
:10442000A04081B24848FCF712F905E00120A04005
:1044300081B24548FCF70DF970BD08B501210C208B
:10444000FCF714FB4FF40140ADF8000003208DF899
:10445000020010208DF8030069463A48FCF74AF83C
:104460004FF47670ADF8000003208DF802001020A4
:104470008DF8030069463148FCF73CF808BD70B57B
:1044800004460D46062C22D2DFE804F003080D1284
:10449000171C29460320FFF755FF19E0294608207D
:1044A000FFF750FF14E029460920FFF74BFF0FE00C
:1044B00029460620FFF746FF0AE029460720FFF7B6
:1044C00041FF05E029460420FFF73CFF00E000BF64
:1044D00000BF70BD08B501210C20FCF7C7FA4FF4EE
:1044E0000060ADF8000048208DF8030069461348CD
:1044F000FCF700F80220ADF8000048208DF803001A
:1045000069461048FBF7F6FF08BD70B505460C4636
:1045100000260EE001210520FFF714FFA0B2FFF7EF
:104520007EFE00210520FFF70DFFA0B2FFF777FE0A
:10453000761CAE42EEDB70BD00023000000C014084
:104540002601002000080140001001401CB5012197
:104550000520FCF78BFA01214F48FCF79CF84FF43B
:10456000E040ADF8040010208DF8070003208DF81E
:10457000060001A94948FBF7BDFF4FF40040ADF824
:10458000000028208DF8030069464448FBF7B2FF7D
:104590001CBD10B5FFF7DAFF4FF400513F48FCF7A0
:1045A00056F84FF480413D48FCF751F84FF48051E4
:1045B0003A48FCF74CF810BD2DE9F04105462F466E
:1045C0000026002432E00120A040384028B14FF4FA
:1045D00080413248FCF73BF804E04FF480412F481B
:1045E000FCF737F80120FFF70EFE4FF480512B48FF
:1045F000FCF72DF80A20FFF706FE4FF480512748FC
:10460000FCF727F80A20FFF7FEFD4FF480512348FE
:10461000FCF71DF84FF400412048FBF7FEFF18B1EE
:104620000120A0403043C6B2601CC4B2082CCADBD3
:104630003046BDE8F08110B504464FF400511748EC
:10464000FCF707F80120FFF7B7FF20704220FFF7C3
:10465000B3FF60702078FFF7AFFFA0702078FFF7FE
:10466000ABFFE0702078FFF7A7FF20712078FFF7FD
:10467000A3FF60712078FFF79FFFA0712078FFF7FC
:104680009BFFE0712078FFF797FF20724FF40051F5
:104690000248FBF7DCFF10BD0004300000080140B9
:1046A00010B5FCF775F84FF48030FCF791F8FCF783
:1046B000CEF8044600BF002CFDD00020FCF70DF919
:1046C0004FF48060FCF712F90020FCF718F94FF462
:1046D000E0114FF48030FCF7E3F80120FCF7ECF830
:1046E00000BF3920FCF797F80028FAD00220FCF729
:1046F000E6F800BFFCF7ECF80828FBD110BD00007D
:1047000010B504460021204608F0B4FA01D2204634
:1047100010BD84F00040FBE700204FF0E0218861ED
:10472000FB4848610846006940F00700086170478F
:1047300000204FF0E0218861F6480068401CF549F0
:1047400008607047F348006870477FB504460D461F
:104750000121C802FCF78AF9ADF80840681E80B252
:10476000ADF804000020ADF80A00ADF806008DF8A1
:104770000C0001A9E848FCF723FD0121E648FDF7FC
:1047800041FB01224121E448FDF791F819208DF801
:10479000000000208DF801008DF8020001208DF846
:1047A00003006846FCF7CBF90121DB48FDF764F80C
:1047B0007FBD7FB505460C4601210846FCF763F92D
:1047C000ADF80850ADF804400020ADF80A00ADF88F
:1047D000060001A94FF08040FCF7F2FC00214FF0E9
:1047E0008040FDF749F9012211469007FDF75FF877
:1047F0001C208DF8000001208DF8010002208DF8AA
:10480000020001208DF803006846FCF798F90121A9
:104810008807FDF731F87FBD7FB505460C460121BD
:104820000220FCF730F9ADF80850ADF80440002044
:10483000ADF80A00ADF8060001A9B848FCF7C0FCC5
:104840000021B648FDF718F901221146B348FDF7DB
:104850002EF81D208DF8000003208DF801000120A6
:104860008DF802008DF803006846FCF768F9012115
:10487000AA48FDF701F87FBD30B589B005460C4662
:1048800001210220FCF7FFF801210820FCF7EEF8D7
:104890000320ADF8200018208DF8230003208DF8A8
:1048A000220008A99E48FBF725FEADF81850ADF888
:1048B00014400020ADF81A00ADF8160005A997487D
:1048C000FCF77EFC6020ADF804000120ADF8060086
:1048D0000020ADF80C004FF4FA70ADF80A0001A901
:1048E0008E48FCF739FD08218C48FDF70BF901A92A
:1048F0008A48FCF77CFD08218848FDF70CF9012166
:104900008648FCF7B9FF09B030BD30B589B005461F
:104910000C4601210420FCF7B6F801210820FCF721
:10492000A5F84FF44070ADF8200018208DF8230052
:1049300003208DF8220008A97948FBF7DBFDADF8CC
:104940001850ADF814400020ADF81A00ADF816006C
:1049500005A97448FCF734FC6020ADF80400012080
:10496000ADF806000020ADF80C004FF4FA70ADF879
:104970000A0001A96B48FCF7EFFC08216948FDF724
:10498000C1F801A96748FCF732FD08216548FDF729
:10499000C2F801216348FCF76FFF09B030BD10B5C4
:1049A00004460021204608F065F901D2204610BDDA
:1049B00084F00040FBE72DE9F04704465A4901EB3B
:1049C0000411C868002107F0B9FF4AD0564800EB2F
:1049D0000410458840F6BA10854201DD054604E022
:1049E000B5F5FA7F01DA4FF4FA754F4A02EB04127B
:1049F000D1684D4A02EB0412D06807F06FFE804682
:104A0000FFF7CDFF0646284608F008F881464648DD
:104A100000EB04108168484608F068F98046FFF70B
:104A2000BEFF0746314608F025F80CD8284607F0A7
:104A3000F5FF3D4901EB0411886000203A4901EB84
:104A40000411C8600DE0384A02EB0412D168364AFE
:104A500002EB0412906807F041FE334901EB0411A8
:104A60008860BDE8F08710B501218807FDF7CDF912
:104A7000002841D001218807FDF7D8F92B4800789C
:104A8000082802D100202949087029480078A0B9D7
:104A90002549264A127801EB0211886807F09EFF2B
:104AA0004FF080418885012120480078FFF7E7FC1E
:104AB0001E480078FFF77FFF16E01B491B4A12785B
:104AC00001EB0211886807F089FF40F6C4110C1A47
:104AD00009078C85002115480078FFF7D0FC1348A2
:104AE0000078401C114908701148007808B901206D
:104AF00000E000200E49087010BD10B501210748E4
:104B0000FDF783F918B101210448FDF78FF910BDB5
:104B10004019010028010020002C01400004004041
:104B2000000C014000080040480200203401002031
:104B30003301002030B589B005460C46012140F60E
:104B40000400FBF793FF4FF48070ADF80400482099
:104B50008DF8070003208DF8060001A92848FBF70F
:104B6000C9FC1B208DF8080000208DF809000120E9
:104B70008DF80A008DF80B0002A8FBF7E0FF192062
:104B80008DF8080000208DF809008DF80A0001203A
:104B90008DF80B0002A8FBF7D2FFADF81050ADF86E
:104BA0000C400020ADF81200ADF80E0003A9154826
:104BB000FCF706FB0020ADF818000220ADF81A0043
:104BC0000020ADF81E000120ADF81C000020ADF85B
:104BD000200006A90B48FCF786FD01210948FDF7D6
:104BE00011F902210748FDF70DF9012202210548BC
:104BF000FCF75DFE01210348FCF73EFE09B030BD25
:104C000000080140002C014010B586B00446012187
:104C10000820FBF72BFF01218804FBF734FF4FF43A
:104C20008060ADF8140018208DF8170003208DF86F
:104C3000160005A9F748FBF75DFC4FF40060ADF8DE
:104C4000140004208DF8170005A9F248FBF752FC68
:104C500001940020ADF80800ADF80A00ADF80C0092
:104C6000ADF810000C20ADF80E0001A9EA48FCF7E1
:104C700012F827208DF8000001208DF80100032094
:104C80008DF8020001208DF803006846FBF757FFFE
:104C9000012240F22551E048FCF795F80121DE4859
:104CA000FCF785F806B010BD10B586B004460121AA
:104CB0000420FBF7DBFE01214804FBF7E4FED748A4
:104CC000FBF7A6FF0420ADF8140003208DF81600B2
:104CD00018208DF8170005A9D148FBF70BFC082018
:104CE000ADF8140004208DF8170005A9CC48FBF797
:104CF00001FC01940020ADF80800ADF80A00ADF801
:104D00000C00ADF810000C20ADF80E0001A9C3484E
:104D1000FBF7C1FF26208DF8000001208DF801006F
:104D200002208DF8020001208DF803006846FBF791
:104D300006FF012240F22551B848FCF744F8012152
:104D4000B648FCF734F806B010BD10B588B004467C
:104D5000012144F20400FBF789FEB248FBF758FF3B
:104D60004FF40070ADF81C0003208DF81E001820D1
:104D70008DF81F0007A9AA48FBF7BCFB4FF4806021
:104D8000ADF81C0004208DF81F0007A9A448FBF70C
:104D9000B1FB03940020ADF81000ADF81200ADF89F
:104DA0001400ADF818000C20ADF816000020ADF886
:104DB0000400ADF806004FF40070ADF808000020C4
:104DC000ADF80A0001A99748FBF7DAFF03A9954857
:104DD000FBF761FF4FF4E060FBF7ACFE25208DF898
:104DE000000001208DF801008DF802008DF803000D
:104DF0006846FBF7A4FE012240F225518948FBF7E3
:104E0000E2FF01218748FBF7D2FF08B010BD10B5C3
:104E10004FF4E130FFF799FF012240F2255181481C
:104E2000FBF7D1FF4FF4E130FFF73EFF012240F2E4
:104E300025517A48FBF7C7FF4FF4E130FFF7E4FE56
:104E4000012240F225517448FBF7BDFF62B610BD48
:104E500010B5044621467348FCF716F810BD70B52E
:104E600005460E46002400BF0CE0295D6D48FCF7A6
:104E70000BF800BF80216B48FCF774F80028F9D0CC
:104E8000601C84B2B442F0DB70BD10B504460BE088
:104E900014F8011B6348FBF7F7FF00BF802161484E
:104EA000FCF760F80028F9D020780028F0D110BD78
:104EB00010B5044621465948FBF7E6FF10BD70B512
:104EC00005460E46002400BF0CE0295D5348FBF761
:104ED000DBFF00BF80215148FCF744F80028F9D0DF
:104EE000601C84B2B442F0DB70BD10B504460BE028
:104EF00014F8011B4948FBF7C7FF00BF8021474852
:104F0000FCF730F80028F9D020780028F0D110BD47
:104F100010B5044621464048FBF7B6FF10BD70B5FA
:104F200005460E46002400BF0CE0295D3A48FBF719
:104F3000ABFF00BF80213848FCF714F80028F9D0F7
:104F4000601C84B2B442F0DB70BD10B504460BE0C7
:104F500014F8011B3048FBF797FF00BF80212E4853
:104F6000FCF700F80028F9D020780028F0D110BD17
:104F700010B540F225512B48FBF7F4FF012879D1F9
:104F800040F225512748FCF72DF82648FBF780FF13
:104F9000C4B22548007808B1002010BD3C2C06D1D1
:104FA0000420224908700020214908801CE01F4885
:104FB0000078C8B9242C03D101201C49087010E0E6
:104FC000232C03D10220194908700AE07B2C03D15D
:104FD00003201649087004E03C2C02D10420134938
:104FE0000870002012490880114801880088401C80
:104FF0000F4A10800F4844540C48007804281BD1F5
:105000003E2C19D100200B491288885401200649F2
:1050100008703EE0000C01400048004000440040A1
:105020000008014000380140220100202301002037
:1050300036010020C8060020C748007801280AD1A0
:10504000212C08D10020C549C54A12888854012066
:10505000C44908701DE0C048007802280BD1212CFB
:1050600009D10021BD48BE4A128881540120BD49A2
:1050700008700EE015E0B8480078032809D17D2CAF
:1050800007D10020B549B64A128888540120B54995
:105090000870B3480088B0F5806F02DB0020B0498B
:1050A0000880002079E710B540F22551AE48FBF7A3
:1050B00059FF012878D140F22551AB48FBF792FF08
:1050C000A948FBF7E5FEC4B23C2C06D10420A24956
:1050D00008700020A54908801CE09F480078C8B9E6
:1050E000242C03D101209C49087010E0232C03D10B
:1050F0000220994908700AE07B2C03D103209649CD
:10510000087004E03C2C02D1042093490870002070
:1051100096490880954801880088401C934A108071
:105120008E4844548C480078042809D13E2C07D17D
:1051300000208A491288885401208A4908702BE08F
:105140008548007801280AD1212C08D10021834804
:10515000864A128881540120824908701CE07E48EA
:10516000007802280AD1212C08D100217B487F4AEF
:105170001288815401207B4908700DE07648007840
:10518000032809D17D2C07D100207449774A128861
:10519000885401207349087074480088B0F5806F06
:1051A00002DB002071490880002010BD10B540F2DC
:1051B00025516F48FBF7D6FE01287FD140F22551DB
:1051C0006B48FBF70FFF6A48FBF762FEC4B2654805
:1051D000007808B1002010BD3C2C06D104205E49A7
:1051E00008700020634908801CE05B480078C8B95B
:1051F000242C03D101205849087010E0232C03D13E
:105200000220554908700AE07B2C03D10320524943
:10521000087004E03C2C02D104204F4908700020A3
:1052200054490880534801880088401C514A108026
:105230004A48445448480078042809D13E2C07D1F4
:1052400000204649128888540120464908702BE006
:105250004148007801280AD1212C08D100203F497B
:10526000444A1288885401203E4908701CE03A489C
:10527000007802280AD1212C08D1002137483D4A64
:10528000128881540120374908700DE032480078B7
:10529000032809D17D2C07D100203049354A1288D6
:1052A000885401202F49087032480088B0F5806F7B
:1052B00004DB00202F4900E000E0088000208AE79E
:1052C00010B504462046FFF7E0FD10BD70B504465A
:1052D0000D4629462046FFF7C2FD70BD10B50446B5
:1052E0002046FFF7B5FD10BD10B504462046FFF778
:1052F000FCFD10BD70B504460D4629462046FFF75B
:10530000DEFD70BD10B504462046FFF7D1FD10BD8F
:1053100010B504460120134908702046FFF715FE1A
:105320002046FFF7B2FD00200E49087010BD10B5F1
:1053300004462046FFF709FE10BD70B504460D4631
:1053400029462046FFF7EBFD70BD10B50446204608
:10535000FFF7DEFD10BD000023010020C80600207D
:1053600036010020220100200044004038010020C6
:10537000004800403A01002070B50546002405E0D1
:10538000601CC4B2C82C01DD002070BD0221FE48A3
:10539000FCF79FFE0028F3D02946FB48FCF746FEA9
:1053A000002405E0601CC4B2C82C01DD0020ECE73D
:1053B0000121F548FCF78DFE0028F3D0F248FCF7F8
:1053C00037FEC0B2E1E710B50446ACB14FF400506F
:1053D000EE4908801820C870ED48FBF78BF84FF4B1
:1053E0000051EB48FBF733F90121E748FCF7EDFDED
:1053F000FF20FFF7C1FF0EE00021E348FCF7E5FDC9
:105400004FF40050E14908801020C87003208870D4
:10541000DF48FBF76FF810BD002106E00A2100BF4E
:105420000A1EA1F1010399B2FAD1021EA0F10103F3
:1054300098B2F3D1704710B50020D6498881D24880
:10544000FCF71EFD0121D048FCF7BFFD10BD08B5DB
:1054500001210820FBF70AFB4FF48050ADF8000053
:1054600010208DF8030003208DF802006946C8481B
:10547000FBF740F84FF48051C548FBF7E8F84FF4CC
:105480002040ADF8000018208DF803006946C048A0
:10549000FBF730F84FF48040ADF8000048208DF85D
:1054A00003006946BA48FBF725F84FF42041B84895
:1054B000FBF7CDF801218803FBF7E5FA0020B54999
:1054C00008804FF482704880002088800220C880C5
:1054D0000120088140024881382088810020C8814D
:1054E00007200882A848FCF7CBFC0121A648FCF75E
:1054F0006CFDFF20FFF740FFFFF79DFF08BD10B5D3
:105500003020A4498881A048FCF7BAFC01219E48BC
:10551000FCF75BFD10BD10B5002400224FF4805154
:105520009B48FBF798F89020FFF726FF0020FFF735
:1055300023FF0020FFF720FF0020FFF71DFFFF20C3
:10554000FFF71AFF44EA0024FF20FFF715FF04438A
:10555000012211038E48FBF77EF8204610BD10B5DE
:10556000002400224FF480518948FBF774F805208D
:10557000FFF702FFFF20FFF7FFFE044601221103A1
:105580008348FBF768F8204610BD10B5044600229A
:105590004FF480517E48FBF75EF80120FFF7ECFEE8
:1055A0002046FFF7E9FE012211037948FBF753F883
:1055B00010BD10B500224FF480517548FBF74BF831
:1055C0000620FFF7D9FE012211037148FBF743F8CB
:1055D00010BD10B500224FF480516D48FBF73BF829
:1055E0000420FFF7C9FE012211036948FBF733F8D5
:1055F00010BD10B5044600224FF480516448FBF7FB
:105600002AF80320FFF7B8FEC4F30740FFF7B4FE03
:10561000C4F30720FFF7B0FEE0B2FFF7ADFEFF20B6
:10562000FFF7AAFE5C490870012211035848FBF7F6
:1056300012F85948007810BD2DE9F04106460C4695
:10564000174600224FF480515148FBF704F803201D
:10565000FFF792FEC4F30740FFF78EFEC4F3072066
:10566000FFF78AFEE0B2FFF787FE002505E0FF2086
:10567000FFF782FE7055681C85B2BD42F7DB012240
:1056800011034348FAF7E7FFBDE8F08110B500BF0A
:10569000FFF765FF00F001000028F9D110BD2DE9EA
:1056A000F04107460C461646E0B2C0F58078464504
:1056B00000DD4646FFF77DFF00224FF4805134485D
:1056C000FAF7C9FF0220FFF757FEC4F30740FFF7C0
:1056D00053FEC4F30720FFF74FFEE0B2FFF74CFE86
:1056E000002504E0785DFFF747FE681C85B2B542EF
:1056F000F8DB012211032648FAF7ADFFFFF7C6FFDA
:10570000BDE8F0812DE9F04107460E461446F0B29F
:10571000C0F58075AC4200DC254612E02A463146D1
:105720003846FFF7BCFFAC4200D10BE02F442E44BB
:10573000601B84B2B4F5807F02DD4FF4807500E019
:105740002546EBE700BFBDE8F08110B50446240311
:10575000FFF72FFFFFF79AFF00224FF480510C480C
:10576000FAF779FF2020FFF707FEC4F30740FFF7A1
:1057700003FEC4F30720FFF7FFFDE0B2FFF7FCFDD7
:1057800001221103024809E0003800403C010020DA
:10579000000C0140880B002040010020FAF75BFF5D
:1057A000FFF774FF10BD2DE9F04781460F461646FE
:1057B0004FEA1738C7F30B0ACAF58054A64200DC3B
:1057C000344644E04FEA08314FF480528A48FFF7EC
:1057D00033FF002508E00AEB05008749085CFF2835
:1057E00000D003E0681C85B2A542F4DB00BFA542EF
:1057F00016DA4046FFF7A9FF002507E019F8050073
:1058000005EB0A017C4A5054681C85B2A542F5DBC1
:105810004FEA08314FF480527748FFF773FF04E0F6
:10582000224639464846FFF76DFFA64200D10FE0F9
:1058300008F101084FF0000AA1442744301B86B24A
:10584000B6F5805F02DD4FF4805400E03446B9E7DE
:1058500000BFBDE8F0872DE9F04107460C4615462C
:10586000C4F30B00C0F58056B54200DD35462A462C
:1058700021463846FFF746FFBDE8F0812DE9F043A9
:1058800081B0ADF5805D80460F4616464FF00009A9
:10589000C7F30B00C0F58054A64200DC344644E058
:1058A0004FEA17394FEA09314FF4805201A8FFF748
:1058B000C3FE002509E0C7F30B00284401A9085CDA
:1058C000FF2800D003E0681C85B2A542F3DB00BFCF
:1058D000A54217DA4846FFF738FF002508E018F818
:1058E0000500C7F30B01294401AA5054681C85B276
:1058F000A542F4DB4FEA09314FF4805201A8FFF7CB
:10590000AAFF04E0224639464046FFF7A4FFA6421C
:1059100000D10BE0A0442744301B86B2B6F5805F6F
:1059200002DD4FF4805400E03446B9E700BF01B017
:105930000DF5805DBDE8F08370B505460C46FFF7B8
:1059400038FE00224FF480512C48FAF784FE0220E2
:10595000FFF712FDC4F30740FFF70EFDC4F3072065
:10596000FFF70AFDE0B2FFF707FD2846FFF704FD49
:10597000012211032148FAF76EFEFFF787FE70BD82
:1059800010B5FFF716FEFFF781FE00224FF480519D
:105990001A48FAF760FEC720FFF7EEFC0122110358
:1059A0001648FAF758FEFFF771FE10BD10B5002239
:1059B0004FF480511148FAF74EFEB920FFF7DCFC96
:1059C000012211030D48FAF746FE0320FFF724FDDC
:1059D00010BD10B500224FF480510848FAF73BFE85
:1059E000AB20FFF7C9FC012211030448FAF733FE8C
:1059F0000320FFF711FD10BD9A0B0020000C0140A1
:105A000008B501210420FBF731F80B20ADF80000A8
:105A100048208DF803006946FD48FAF76BFD012127
:105A20000820FBF723F80220ADF8000048208DF88D
:105A300003006946F748FAF75DFD08BD08B5012186
:105A40000C20FBF713F80120ADF8000010208DF8B2
:105A5000030003208DF802006946EE48FAF74AFD7C
:105A60000420ADF800008DF803006946E848FAF715
:105A700041FD472147F23050FEF7CEFE08BD08B584
:105A800001210420FAF7F2FF4020ADF80000482081
:105A90008DF803006946DE48FAF72CFD08BD10B505
:105AA000F62001F0F2FB10BD10B5FFF7A9FFFFF7DC
:105AB000E6FFFFF7C3FFFFF7F2FF10BD0246501AE3
:105AC00003B2022B02DD881C00B2704713F1020FF3
:105AD00002DA881E00B2F8E71046F6E730B537283C
:105AE00005DD6FF00E04148014241C8030BD10F10D
:105AF000370F05DA142414806FF00E041C80F5E7CC
:105B000084000A2594FBF5F40C1B24B21480840055
:105B100094FBF5F40C4424B21C80B2F90040642CD0
:105B200001DD64241480B2F9004014F1640F02DA3C
:105B30006FF063041480B3F90040642C01DD642429
:105B40001C80B3F9004014F1640F02DA6FF06304B3
:105B50001C8000BFCAE72DE9F04103460C46A4EBC8
:105B6000020C0FFA8CFCA3F806C0B3F906C0BCF116
:105B7000000F02DBB3F906C003E0B3F906C0CCF1B5
:105B8000000C0FFA8CF105290DDA4FF00C0CA3F87C
:105B900000C04FF0280CA3F804C00E204FF0000CFA
:105BA000C3F80CC014E00F2909DA4FF0140CA3F865
:105BB00000C04FF0230CA3F804C00B2008E04FF006
:105BC000230CA3F800C04FF0140CA3F804C0082065
:105BD000B3F900C0B3F906800CFB08FC4FF00A08CB
:105BE0009CFBF8FC0FFA8CF5052918DBB3F906804D
:105BF000D3F80CC0C444C3F80CC0D3F80CC0BCF537
:105C0000967F03DD4FF4967CC3F80CC0D3F80CC02C
:105C10001CF5967F03DADFF800C2C3F80CC0D3F896
:105C20000CC04FEA4C0C4FF064089CFBF8FC0FFAD8
:105C30008CF6B3F906C0B3F90880ACEB080CB3F9E5
:105C400004800CFB08FC4FF00A089CFBF8FC0FFAE0
:105C50008CF7B3F806C0A3F808C005EB060CBC44EB
:105C60000FFA8CFCA3F810C0B3F910C0BCF1640F9C
:105C700003DD4FF0640CA3F810C0B3F910C01CF1A1
:105C8000640F03DA6FF0630CA3F810C0BDE8F08175
:105C900030B50446E00040EA810040EA4200184383
:105CA000C5B25E48405730BD2DE9F0415C480078F0
:105CB00030B1012810D002281DD003287BD139E053
:105CC00000210846FCF7D7FDFEF73CFD554908606A
:105CD0000120534908706EE0FEF734FD5149096810
:105CE000401A322806D902204D490870FEF72AFDD5
:105CF0004C4908605FE04C4890F90000002805DA44
:105D00006FF005010C20FCF7B6FD0FE0464890F956
:105D10000000002805DD0C216FF00500FCF7ABFD4D
:105D200004E06FF009010A20FCF7A5FD03203C49BF
:105D3000087040E002213648FAF76FFC0446012162
:105D40003348FAF76AFC054608213148FAF765FC42
:105D5000064602212F48FAF760FC074614B10DB140
:105D600006B18FB900210846FCF785FD00202C49BB
:105D700008702E4908702E4908702E49C8603221DB
:105D80000220FEF7C2FB15E0FEF7DCFC254909689E
:105D9000401AB0F5FA6F0DD900210846FCF76BFDEB
:105DA00000201F490870012020490870C8210520E3
:105DB000FEF7ABFB00BF00BFBDE8F08110B50446A5
:105DC000012C06D0022C05D0032C08D0042C0CD1B9
:105DD0000AE00BE064210120FEF797FB06E00521B5
:105DE0000846FCF748FD01E000E000BF00BF10BD21
:105DF0002DE9F04706460F4690469946E6B9DFB9C9
:105E0000B8F1000F18D1B9F1000F15D1012014E03D
:105E100000080140000C0140D4FEFFFFCCCE00087A
:105E20008C01002090010020800100207E010020D4
:105E30007F0100206001002000200546FEF782FC63
:105E4000044655B1FC48007838B90120FA49087079
:105E5000FA4804600020BDE8F087B5B1F648007844
:105E600098B1F6480068211AC82901D30320F2E747
:105E7000322901D30220EEE7502901D30420EAE7BA
:105E80000A2901D30120E6E712E08DB9EA4800783B
:105E900070B1EA480068211A0020E74A10700A2908
:105EA00005D3282903D20120E54A1070D3E700BFAB
:105EB0000020D0E72DE9F04F85B0002000900221AE
:105EC000E048FAF7AAFB04460121DE48FAF7A5FBF1
:105ED00080460821DB48FAF7A0FB81460221DA4818
:105EE000FAF79BFB054644B9B8F1000F05D1B9F1AB
:105EF000000F02D10DB9012000E0002004900498A9
:105F0000A0B12B464A4641462046FFF771FF07469F
:105F100067B13846FFF752FF042F01D0012F05D19A
:105F20000020CA49087005B0BDE8F08F012C09D1E6
:105F3000B8F1010F06D1B9F1010F03D1012D01D143
:105F4000012000E0002003900398E8B1C0480078E9
:105F5000401CBF49087008460078142826DDBD485B
:105F6000007858B90120BB4908701CB9FF20BA4914
:105F7000087003E015B90120B74908700020B34943
:105F80000870FFF791FECEE70020B1490870B149D3
:105F900008701CB9FF20B049087007E01DB9012046
:105FA000AD49087002E00020AB4908702B464A4614
:105FB00041462046FFF76CFE0646632E02DBA748EB
:105FC00090F90060A1480078012828D1B8F1000FAD
:105FD0000ED100209D490870FEF7B4FBA04908606F
:105FE0000120A049087000209F49C860088142E054
:105FF000FEF7A8FB9D490968401AB0F5FA7F3AD927
:10600000002092490870FEF79DFB95490860012029
:106010009449087000209449C86008812BE08B489F
:106020000078022827D1B9F1000F0ED1002087494E
:106030000870FEF787FB8A490860022089490870CA
:1060400000208949C860088115E0FEF77BFB87497D
:106050000968401AB0F5FA7F0DD900207B49087015
:10606000FEF770FB7E49086002207E490870002020
:106070007D49C86008817548007808B1012000900A
:10608000009808B1B2460CE0744890F90000C0EBEB
:10609000C00006EB460108440A2190FBF1F04FFADC
:1060A00080FA6E4880F800A0009890B14FF0080B7D
:1060B00066480078012803D141206B4908820EE030
:1060C0006248007802280AD16FF0400066490882D1
:1060D00005E0524600216448FFF73DFD83465B48DA
:1060E000007800285ED1FEF72DFB5D490968401A53
:1060F000962803D200205E49087053E05A48B0F950
:106100001000372822DD57480078022803D10020EC
:106110005749087046E056480078401C54490870BA
:106120000846007803283DDB012048490870FEF747
:1061300009FB4E4908600120009000204C4908707E
:10614000484908704849C86008812BE04648B0F9C2
:10615000100010F1370F22DA42480078012803D1ED
:106160000020434908701DE041480078401C404928
:10617000087008460078032814DB022033490870B1
:10618000FEF7E0FA39490860012000900020384904
:106190000870344908703449C860088102E0002062
:1061A000334908703049B1F9100001AB02AA5946D1
:1061B000FFF794FC009890B92E48B0F90010BDF993
:1061C0000800FFF77BFC2B4908802B48B0F9001032
:1061D000BDF90400FFF772FC2749088007E0BDF90C
:1061E000080024490880BDF904002349088022489A
:1061F000B0F900101F48B0F90000FCF73CFB00BFED
:1062000091E610B51D48007880B940210D48FAF795
:1062100004FA58B900BF40210A48FAF7FEF90028ED
:10622000F9D0012015490870154908701348007805
:1062300008B1FFF73FFE10BD7C010020780100206F
:106240007D01002000080140000C01409401002065
:106250007F0100207E0100208001002085010020B8
:106260009C010020A1010020600100209801002075
:10627000A0010020740100207601002050010020C0
:106280005E010020002107E0002201E0531C9AB2C9
:10629000092AFBDB4B1C99B28142F5DB70472DE9E3
:1062A000F04101210020FEF74DF81420FFF7EAFF2E
:1062B00000210846FEF746F800BF0421F948FAF726
:1062C000ACF90028F9D00021F748FBF769FD01215E
:1062D000F548FBF7D1FA00BF0421F248FAF79DF91F
:1062E0000128F9D00021F048FBF7C6FAEE48FBF789
:1062F0007AFD044646F2A81084420EDA204605F0E4
:1063000061FE0546E94AEA4B05F0ACFE074605F09A
:1063100015FE84B22046BDE8F0810020FBE710B5F1
:10632000002409E0FFF7BBFFE24941F82400052003
:10633000FDF775FF601CC4B2052CF3DB0521DD48B9
:10634000FDF7B6FFDB488068DB4908600846006857
:1063500010BD10B5D948007800B910BDFEF7F2F9AC
:10636000D7490968401A642816D9FEF7EBF9D449D1
:106370000860FFF7D4FF04460A2C0DD1002108461F
:10638000FCF779FA64210120FEF7BFF8CDA0FCF7F5
:10639000CFFE0120CF49087000BFDEE710B5C74827
:1063A000007801280AD1CB480078012804D1CA49D5
:1063B00008700020C7490870FFF77CFDFFF7C9FF90
:1063C00010BD10B5BD480078002860D0FEF7BAF9BE
:1063D000C2490968401A142859D9FEF7B3F9BF49D0
:1063E0000860BF4800F07DFF002000F031FFBC488E
:1063F000008801284BDA00210846FCF73CFA01200E
:1064000000F026FF4FF44870FDF709FFB44800F094
:1064100068FFB3484088B249898888420DDDB0489A
:106420004088AF49C988884207DD00210846FCF74B
:1064300022FAACA0FCF77CFE26E0A9488088A84997
:10644000498888420DDDA6488088A549C9888842C8
:1064500007DD00210846FCF70EFAA6A0FCF768FE4F
:1064600012E09F48C0889E49898888420CDD9C487C
:10647000C0889B494988884206DD00210846FCF710
:10648000FAF9A0A0FCF754FE01209249087010BD53
:1064900010B58A48007801280AD18E480078012872
:1064A00004D18D49087000208A490870FFF702FD69
:1064B000FFF787FF10BD10B5FEF744F9954909684D
:1064C000401A64281FD9FEF73DF992490860FFF78A
:1064D00026FF04461E2C0ADA00210846FCF7CBF9F9
:1064E0006420FDF79CFE01208B4908700BE08A4870
:1064F0000078012805D17849087000208649087085
:1065000001E0FFF7D7FC10BD70B50F25FEF71AF9B3
:1065100082490968401A64281AD9FEF713F97F499D
:106520000860FFF7FCFE04461E2C06DD322C04DA60
:1065300029462846FCF79FF90AE0142C04DA694240
:106540006842FCF798F903E000210846FCF793F94C
:1065500070BD70B50F24FEF7F5F871490968401A4F
:1065600064282BD9FEF7EEF86D490860FFF7D7FED7
:106570000546322D03DA01206A49087002E0022044
:10658000684908706748007867490978884215D0DB
:1065900064480078012802D002280AD104E0614250
:1065A0002046FCF768F904E021462046FCF763F931
:1065B00000BF00BF5B4800785B49087070BD10B534
:1065C0003E48007800B910BD40213648FAF725F85A
:1065D00000BB00BF40213348FAF71FF80028F9D06C
:1065E0005248007838B143A0FCF7A2FD6421012095
:1065F000FDF78BFF06E043A0FCF79AFD6421022023
:10660000FDF783FF4948007808B9012000E0002029
:106610004649087000BFD6E710B54548007810B964
:10662000FFF748FCFDE042480078012802D1FFF75F
:10663000C6FFF6E03E480078022802D1FFF789FF46
:10664000EFE03B480078032802D1FFF7BAFEE8E00C
:1066500037480078042802D1FFF77BFEE1E0344898
:106660000078052802D1FFF74FFFDAE030480078C4
:10667000062802D1FFF71FFFD3E02D480078072836
:1066800002D1FFF705FFCCE029480078082802D1A5
:10669000FFF784FEC5E02648007809284AD1FFF7B5
:1066A000B0FDBEE000080140000400409CC420B0E2
:1066B0007268913F9C1B002088010020250100206A
:1066C000B8010020244447543A332D31312C312174
:1066D00000000000510100205E010020C0010020E8
:1066E00052010020244447543A31322D31382C31A4
:1066F00021000000244447543A31392D32372C31DF
:1067000021000000244447543A32382D33362C31CE
:1067100021000000A4010020A8010020AC010020FD
:10672000B0010020B4010020B5010020BC01002010
:1067300024010020FD4800780B2808D102F018FB46
:1067400010B9012002F024FA02F091F969E0F7484B
:1067500000780C2808D102F00BFB10B9022002F0DF
:1067600017FA02F084F95CE0F04800780D2808D1AF
:1067700002F0FEFA10B9032002F00AFA02F077F9EB
:106780004FE0EA4800780E2808D102F0F1FA10B97B
:10679000012002F0FDF902F06AF942E0E3480078D6
:1067A0000F2805D101F09EFAFF20E049087038E07B
:1067B000DE480078102805D102F013FAFF20DB49EB
:1067C00008702EE0D9480078142805D101F00DFAA0
:1067D000FF20D649087024E0D4480078152805D158
:1067E00002F0CCFAFF20D14908701AE0CF480078B7
:1067F000162805D102F045FBFF20CC49087010E0B7
:10680000CA480078172805D102F072FBFF20C7495B
:10681000087006E0C54800780A2802D1FF20C34965
:106820000870C3480078C1490978884209D0BF4838
:106830000078BF4908700020BE4908700120BE4999
:10684000087010BD1CB5BD4800F04BFDBB4800886A
:10685000BA49C988CDE90010B84883884288B8A1F0
:10686000BD4802F07BFDBC48FEF72AFDBB49B3489A
:1068700000F0A5FDB948C0780090B8488378028838
:10688000B7A1B54802F06AFDB348FEF719FD002034
:106890001CBD2DE9F043A1B06C22B64906A802F058
:1068A000E5FF00260027B4A0FEF70AFD002467E0FC
:1068B00004EB440C0DF1180909EB8C0C9CF8033027
:1068C00004EB440C09EB8C0C9CF8022004EB440C08
:1068D00009EB8C0C9CF8011004EB440C19F82C000B
:1068E000FFF7D6F9054604EB440006A901EB80004A
:1068F00090F90410A94201D1012000E00020804657
:10690000B8F1000F02D0701CC6B201E0781CC7B20B
:10691000B8F1000F01D0A0A200E0A1A204EB440056
:1069200006A901EB800090F9040004EB440106ABDA
:1069300003EB8101C978CDE90215CDE9040204EB2E
:10694000440006A901EB8000807804EB440106AA0C
:1069500002EB81014978CDE9001004EB440006A95F
:1069600011F8203004EB440001EB80008EA1826816
:10697000794802F0F3FC7848FEF7A2FC601CC4B230
:10698000092C95DB3B46324690A1734802F0E6FCA9
:106990007148FEF795FC21B0BDE8F0832DE9F04386
:1069A00091B0142273496C310CA802F05FFF1822D9
:1069B0007049803106A802F059FF0B268AA0FEF725
:1069C0007FFC91A0FEF77CFC002437E006A830F99C
:1069D000142000210CA8FFF7BEF80546BDF93600CB
:1069E000BDF93810401ABDF9341048430A2190FB14
:1069F000F1F70F984000642190FBF1F8BDF93000E9
:106A0000BDF9361048430A2190FBF1F9BDF9400069
:106A1000CDE90098CDE902700495BDF9363006A89D
:106A200030F914207FA14C4802F098FC4A48FEF748
:106A300047FC0A20FDF7F3FB601CC4B2B442C5DB7F
:106A400011B0BDE8F0837FB57CA0FEF739FC83A0D0
:106A5000FEF736FC6FF04F0420E002AB03AA0C21D6
:106A60002046FFF73BF8052C01DD82A505E014F177
:106A7000050F01DA82A500E084A5BDF90800CDE983
:106A80000005BDF90C30224683A1334802F066FCB4
:106A90003148FEF715FC04F1140004B2502CDCDD83
:106AA0007FBDF0B585B00026324B98330FCB01ACDB
:106AB0000FC408277CA0FEF703FC84A0FEF700FCAF
:106AC000002415E001A931F914003146FEF7F6FF64
:106AD000054601A8009530F91420334654A11E48FC
:106AE00002F03CFC1C48FEF7EBFB2E46601CC4B2D7
:106AF000BC42E7DB05B0F0BD10B57BA0FEF7E0FBC4
:106B0000FFF7C7FE6420FDF78AFBFFF747FF64200D
:106B1000FDF785FBFFF797FF6420FDF780FBFFF78C
:106B2000C0FF6420FDF77BFBF8E00000240100209B
:106B30008601002050010020250100205201002084
:106B4000523D256420473D256420423D2564204375
:106B50003D25640D0A000000C80200205A010020F3
:106B6000483D256420533D2564204C3D25640D0A95
:106B700000000000DCCE00080D0A3D3D3D20506FB6
:106B8000736974696F6E205461626C65205465731B
:106B900074203D3D3D0D0A0050415353000000005C
:106BA0004641494C0000000025733A2025642564C5
:106BB00025642564202D3E20256420286578703AC0
:106BC000256429205B25735D0D0A000052657375ED
:106BD0006C743A20504153533D25642C2046414962
:106BE0004C3D25640D0A00000D0A3D3D3D205049F5
:106BF0004420436F6E74726F6C6C657220546573C1
:106C000074203D3D3D0D0A00506F730945727209B5
:106C10005009490944094F75740953706565640D3D
:106C20000A00000025640925640925640925640912
:106C300025640925640925640D0A00000D0A3D3DFF
:106C40003D205370656564204D617070696E6720EA
:106C500054657374203D3D3D0D0A000050494409C0
:106C60004C65667409526967687409416374696F99
:106C70006E0D0A005475726E204C6566740000003B
:106C80005475726E205269676874000053747261A3
:106C9000696768740000000025640925640925649B
:106CA0000925730D0A0000000D0A3D3D3D2053707B
:106CB00065656420536D6F6F7468696E67205465F5
:106CC0007374203D3D3D0D0A000000005461726761
:106CD00065740943757272656E7409536D6F6F74D4
:106CE0006865640D0A0000000D0A3D3D3D3D3D3DD7
:106CF0003D3D3D3D20547261636B696E6720416C80
:106D0000676F726974686D205465737473203D3DBC
:106D10003D3D3D3D3D3D3D3D0D0A000001A0FEF7DE
:106D2000CFFA10BD0D0A3D3D3D3D3D3D3D3D3D3D54
:106D300020546573747320436F6D706C65746520A7
:106D40003D3D3D3D3D3D3D3D3D3D0D0A00000000CA
:106D500000B585B04148FBF7F3F900200090012011
:106D60008DF804008DF805004FF46020029000209B
:106D7000039001208DF8100069463848FBF707FAA8
:106D80004FF40040F9F7D6FD0723012205213348CF
:106D9000FBF795FA01213148FBF730FA01212F4822
:106DA000FBF721FA2D48FBF740FA00BF2B48FBF711
:106DB00041FA0028FAD12948FBF746FA00BF2748D4
:106DC000FBF747FA0028FAD101212448FBF74BFAD8
:106DD00005B000BD00B58BB02148FBF7D9FB1F48BB
:106DE0004C3000901F480190002002900120039039
:106DF00000200490802005904000069080000790BD
:106E0000202008900002099000200A90694614484A
:106E1000FBF760FC01211248FBF787FC0BB000BDBB
:106E200008B501210846F9F714FE01214FF401705D
:106E3000F9F71CFE2020ADF8000000208DF80300BB
:106E400069460948F9F756FB08BD10B5FFF7E8FF9A
:106E5000FFF7C0FFFFF77CFF10BD000000240140DA
:106E600008000240C40100200008014000BF011ECC
:106E7000A0F10100FBD1704708B5A020ADF80000DB
:106E800010208DF8030003208DF802006946F848B1
:106E9000F9F730FBA021F648F9F7D9FB08BD10B58A
:106EA000F348006820F47000F14908600846006863
:106EB00040F4401008602021ED48F9F7C8FB80211C
:106EC000EB48F9F7C4FB2820FFF7D0FF2021E84862
:106ED000F9F7BFFB2820FFF7C9FF8021E448F9F745
:106EE000B8FB10BD10B5E248006820F47000E0491E
:106EF00008600846006840F4401008608021DC48C3
:106F0000F9F7A7FB2021DA48F9F7A3FB2820FFF7C0
:106F1000ADFF8021D648F9F79AFB2021D448F9F734
:106F200096FB2820FFF7A2FF10BD10B50024D04823
:106F3000006820F47000CE4908600846006840F4FC
:106F4000000008602021CA48F9F781FB0A20FFF7FA
:106F50008DFF8021C648F9F77AFB0A20FFF786FFEC
:106F600006E0641CFA2C03D9FFF7BCFF012010BD1A
:106F7000BF480830006800F020000028F1D18021CF
:106F8000BB48F9F766FB0020F1E710B58021B8484F
:106F9000F9F75FFBB648006820F47000B449086058
:106FA0000846006840F4401008602021B048F9F716
:106FB00050FB1420FFF75AFF8021AD48F9F747FB3B
:106FC0001420FFF753FF8021A948F9F742FB10BDB9
:106FD00010B58021A648F9F73CFBA548006820F4CD
:106FE0007000A34908600846006840F4401008603B
:106FF00020219F48F9F72BFB1420FFF737FF802152
:107000009B48F9F724FB1420FFF730FF80219848B4
:10701000F9F71FFB10BD70B504469548006820F4D1
:107020007000934908600846006840F4401008600A
:1070300080218F48F9F70DFB002521E00120B0EBFE
:10704000D41F04D120218A48F9F701FB03E0202155
:107050008748F9F7FEFA6006040E1420FFF706FFD2
:1070600080218348F9F7F3FA1420FFF7FFFE80210F
:107070007F48F9F7EEFA1420FFF7F8FE681CC5B256
:10708000082DDBDB70BD70B505460024784800682C
:1070900020F47000764908600846006840F400005B
:1070A0000860002619E080217148F9F7D2FA14200F
:1070B000FFF7DCFE80216E48F9F7C9FA6006040E7E
:1070C0006B480830006800F0200008B1601CC4B2B2
:1070D0000A20FFF7CBFE701CC6B2082EE3DB15B901
:1070E000FFF776FF01E0FFF750FF204670BD2DE966
:1070F000F04105460E46174698460024FFF7CFFE9E
:10710000002141EA4501C8B2FFF785FFFFF70DFFF7
:1071100000BF06E0305DFFF77EFFFFF706FF601C53
:10712000C4B2BC42F6DBB8F1010F01D1FFF7DAFEC1
:10713000BDE8F0812DE9F04107460D461646984618
:107140000024FFF7ACFE012101EB4701C8B2FFF7B5
:1071500062FFFFF7EAFE00BF0DE0701EA04204D1FF
:107160000020FFF790FF285503E00120FFF78BFF79
:107170002855601CC4B2B442EFDBB8F1010F01D155
:10718000FFF7B0FEBDE8F081FEB506460F46154696
:107190000020009001900290002446F080008DF8BD
:1071A0000000012405E0601E385C0DF80400601C3E
:1071B000C4B2AC42F7DD681CC2B201236946292083
:1071C000FFF795FFFEBD37B50C4615469DF800004C
:1071D00040F0800000900023012269462920FFF73B
:1071E00086FF01232A4621462920FFF7A3FF3EBD43
:1071F00001B5012269461046FFF7C6FF08BD01B57B
:10720000012269460F20FFF7BFFF08BD08B5012026
:107210000090012269460020FFF7B6FF032000908E
:10722000012269460020FFF7AFFF08BD08B5002026
:10723000009001226946FFF7C6FF9DF8000020F08C
:1072400003000090012269460020FFF79DFF08BD62
:1072500038B504460020009001226946FFF7B3FFCD
:1072600044B19DF8000040F01000009007E00000DD
:10727000000801409DF8000020F01000009001225D
:1072800069460020FFF780FF38BD38B5044600206E
:107290000090FFF7F1FD012269461220FFF793FFEE
:1072A0009DF80000442809D12046FFF7A1FF0020E7
:1072B000FFF7A5FFFFF7AAFF012038BD0020FCE77C
:1072C00038B5044600200090022269462046FFF7A8
:1072D0007AFF9DF800009DF8011040EA012528463C
:1072E00038BD38B5044601200090012269461320BC
:1072F000FFF769FF9DF8000000F0010088B114203D
:10730000FFF7DEFF20801620FFF7DAFF60801820ED
:10731000FFF7D6FFA0801A20FFF7D2FFE080012000
:1073200038BD0020FCE708B5012000900122694625
:107330001320FFF748FF9DF8000000F0010018B18E
:107340001620FFF7BDFF08BD0020FCE708B50120AF
:107350000090012269461320FFF735FF9DF80000D9
:1073600000F0010018B11820FFF7AAFF08BD0020A7
:10737000FCE708B501200090012269461320FFF7C1
:1073800022FF9DF8000000F0010018B11A20FFF75D
:1073900097FF08BD0020FCE708B5012000900122FE
:1073A00069461320FFF70FFF9DF8000000F0010071
:1073B00018B11420FFF784FF08BD0020FCE72DE979
:1073C000F0410446B4F802C04FF064080CFB08FC1E
:1073D000B4F800809CFBF8FC0CF0FF06B4F804C085
:1073E0004FF064080CFB08FCB4F800809CFBF8FC30
:1073F0000CF0FF00B4F806C04FF064080CFB08FC6A
:10740000B4F800809CFBF8FC0CF0FF02864205DA21
:10741000904201DA944606E0844604E0964201DA9E
:10742000944600E0B4466346864205DD904201DDA5
:10743000944606E0844604E0964201DD944600E06E
:10744000B4466746A3EB070C0CF0FF0503EB070CF3
:107450000CEBDC78C8F3470881F80380BB4206D107
:107460004FF0000CA1F800C081F802C054E0B34214
:1074700019D190420ADBA0EB020CCCEB0C1C4FEABA
:107480008C0C9CFBF5FCA1F800C029E0A0EB020CE1
:10749000CCEB0C1C4FEA8C0C9CFBF5FC0CF5B47C83
:1074A000A1F800C01CE083420CD1A2EB060CCCEB8F
:1074B0000C1C4FEA8C0C9CFBF5FC0CF1780CA1F831
:1074C00000C00DE093420BD1A6EB000CCCEB0C1CE2
:1074D0004FEA8C0C9CFBF5FC0CF1F00CA1F800C001
:1074E00091F803C0BCF1320F0ADC4FF0640C05FBCD
:1074F0000CFC03EB07089CFBF8FC81F802C00BE0D6
:107500004FF0640C05FB0CFC03EB0708C8F1C8083E
:107510009CFBF8FC81F802C0BDE8F0812DE9F04148
:1075200080460D4616461F46069CFE49404605F01D
:10753000D5FA2060FB49284605F0D0FA6060F94989
:10754000304605F0CBFAA060F649384605F0C6FA99
:10755000E060BDE8F0810FB59DB0F2491D9805F0DF
:10756000BDFA1D90EF491E9805F0B8FA1E90ED493E
:107570001F9805F0B3FA1F90229800681790229880
:10758000406816902298806815902298C0681490E0
:1075900000211D9805F0D2F902D1002018901BE0BF
:1075A000DDE91D1005F008F9079005F06BF8CDE94D
:1075B000080104F04DF80022DB4BCDE90A0104F08C
:1075C00051FDDA4ADA4BCDE90C0104F02FFBCDE98D
:1075D0000E0104F03DFA18901E99084605F07EFA57
:1075E0000A901D99084605F079FA09900A9905F064
:1075F00075F80B9005F046F8CDE90C0104F0D6F9CA
:10760000CDE90E0104F024FA1E90209805F03AF816
:10761000C64AC74BCDE9000104F024FD0022C24B4D
:10762000CDE9020104F002FBCDE9040104F020F9E8
:10763000CDE90801149805F025F8CDE90601DDE94A
:10764000082304F00FFDCDE90C011E9805F01AF88F
:10765000CDE90A01DDE90C2304F02AFFCDE90E0192
:1076600004F0F6F91E90209805F00CF8AF4AB04BE4
:10767000CDE9000104F0F6FC0022AB4BCDE902019C
:1076800004F0D4FACDE9040104F040F9CDE9080191
:10769000149804F0F7FFCDE90601DDE9082304F0B2
:1076A000E1FCCDE90C0117991F9805F01FFB09902B
:1076B00004F0E8FFCDE90A01DDE90C2304F0F8FE4F
:1076C000CDE90E0104F0C4F91F90179880F0004036
:1076D0000F901F9905F0CEFA02D2012021B000BD13
:1076E000DDE9151004F0FAFF0B9004F0CBFFCDE9B3
:1076F0000E011F99084605F0F1F908901E990846F9
:1077000005F0ECF90790089904F0E8FF099004F0FF
:10771000B9FFCDE90A0104F049F9CDE90C01DDE931
:107720000E2304F09DFD01D20220D7E71F990846E1
:1077300005F0D4F904901E99084605F0CFF903909E
:10774000049904F0CBFF059004F09CFFCDE90601FD
:1077500004F02CF9CDE90A011E9804F093FFCDE95D
:107760000801DDE90A2304F061FACDE90C0103F018
:1077700031FECDE90E0104F06BF911901F99084616
:1077800005F0ACF902901E99084605F0A7F90190A2
:10779000029904F0A3FF039004F074FFCDE9040103
:1077A00004F004F9CDE908014FF08040169905F086
:1077B00095F9059004F066FFCDE90601DDE908239F
:1077C00004F050FCCDE90C011599084605F086F946
:1077D00008901699084605F081F906901F99084609
:1077E00005F07CF904901E99084605F077F903909E
:1077F000049904F073FF0590069904F06FFF079059
:10780000089905F073FA099004F03CFFCDE90A01EC
:10781000DDE90C2304F00AFACDE90E0104F018F9B1
:1078200012904FF07E51129805F024FA04D341498A
:10783000129805F01FF901D203204FE700211F988D
:1078400005F018F902D23B48109002E04FF07E504C
:107850001090129804F016FFCDE9080103F0BAFD6C
:10786000CDE90C01DDE9101005F038F9099004F0BC
:1078700009FFCDE90A01DDE90C2304F01BF9CDE98C
:107880000E0104F0E5F81990199804F0FBFE0022AF
:10789000254BCDE90A0104F0E5FB244A244BCDE950
:1078A0000C0104F0C3F9CDE90E0104F0D1F81990F0
:1078B000199804F0E7FE00221B4BCDE90E0104F0FD
:1078C000CFFC09D3199804F0DDFE00221346CDE960
:1078D0000E0104F08BFB01D20420FFE64FF0804044
:1078E000169905F0FBF80D90159905F0F7F80F9033
:1078F0001599084605F0F2F80D901699084605F01E
:10790000EDF80B901F99084605F0E8F809901E99CC
:10791000084605F0E3F80890099904F0DFFE0A90A4
:107920000B9909E000002041008066404AD8124DC2
:10793000FB210940000080BF05F0D8F90C900D999B
:1079400005F0D4F980F000400E900F9904F034FF58
:1079500013904FF07E51139805F08CF904D37549BC
:10796000139805F087F801D20520B7E6139804F0C4
:1079700089FECDE90C0103F02DFDCDE90E0104F0E7
:1079800067F81A901A9804F07DFE00226A4BCDE940
:10799000080104F067FB694A694BCDE90A0104F06C
:1079A00045F90022644BCDE90C0104F08FFCCDE9D0
:1079B0000E0104F04DF81A901A9804F063FE0022AC
:1079C000604BCDE90E0104F04BFC09D31A9804F08A
:1079D00059FE00225C4BCDE90E0104F007FB01D2F9
:1079E00006207BE61999209805F080F90F901A99E6
:1079F00004F074FE1B901B9804F044FE0022534BCD
:107A0000CDE90E0104F02CFC09D31B9804F03AFEDA
:107A100000224F4BCDE90E0104F0E8FA01D2072015
:107A20005CE62299189808614A49199805F05EF9B0
:107A30000146229841611A99229881611B992298E6
:107A4000C16122980069079004F01CFE0022424B9D
:107A5000CDE9080104F006FB0022404BCDE90A0104
:107A600004F0E4F800223E4BCDE90C0104F02EFCBA
:107A7000CDE90E0104F032FA229908642298406997
:107A8000079004F0FFFD0022334BCDE9080104F01C
:107A9000E9FA0022314BCDE90A0104F0C7F80022CF
:107AA0002F4BCDE90C0104F005F8CDE90E0104F0EF
:107AB00015FA01462298416422988069079004F0E3
:107AC000E1FD0022244BCDE9080104F0CBFA0022AD
:107AD000224BCDE90A0104F0A9F80022204BCDE9A0
:107AE0000C0103F0E7FFCDE90E0104F0F7F90146C0
:107AF000229881642298C069079004F0C3FD002297
:107B0000154BCDE9080104F0ADFA0022134BCDE985
:107B10000A0104F08BF80022114BCDE90C0104F0AE
:107B2000D5FBCDE90E0104F0D9F901462298C164D4
:107B30000020D3E5000080BF008066404AD8124D87
:107B4000FB21094000E0604000E060C0008056403A
:107B5000008056C00000B44200409F4000E07040EA
:107B600000709740F748F8490861F849F6484161C4
:107B7000F749816114210177F248F3490862002135
:107B8000F1484162F24981621E2180F82C10ED48D3
:107B9000ED490863EF49EC484163ED4981632821D1
:107BA00080F83C10704710B5FFF7DCFF1821EA4859
:107BB00001F0B0FE0021E848103801770020E649C6
:107BC00010390870487048710871C8600A21E2488D
:107BD000183001F09FFEF620FFF757FBDFA0FDF7FE
:107BE0006FFBE5A0FDF76CFB10BD2DE9FF41002404
:107BF000002500260027ECA0FDF762FBA04615E05B
:107C000002A8FFF76EFBBDF80A000444BDF80C00A3
:107C10000544BDF80E000644BDF8080007443220B4
:107C2000FCF7FDFA08F1010000F0FF08B8F10A0FB7
:107C3000E6DB0A20B4FBF0F0C749103908850A20BA
:107C4000B5FBF0F081B2C448103841850A20B6FB7C
:107C5000F0F081B2C048103881850A20B7FBF0F0FF
:107C600081B2BD481038C185012180F83010C08D27
:107C7000B9491039898DCDE90010B7481038438DC6
:107C8000028DD2A1DC4801F069FBDB48FDF718FB4F
:107C9000BDE8FF8110B5FCF755FDAF491039C96843
:107CA000441AAD481038406A0119AB481038416297
:107CB000008A00280ADDA8481038406AA649103911
:107CC000098AB0FBF1F1A44810380162A2481038CB
:107CD0002246CAA1036AC84801F040FBC648FDF726
:107CE000EFFA10BD70B59C4CD0A0FDF7E9FA2288E0
:107CF000D8A1C14801F032FBBF48FDF7E1FA628824
:107D0000DAA1BD4801F02AFBBB48FDF7D9FAA288E9
:107D1000DAA1B94801F022FBB748FDF7D1FAE288B1
:107D2000DAA1B54801F01AFBB348FDF7C9FA228978
:107D3000DBA1B14801F012FBAF48FDF7C1FA62893F
:107D4000DBA1AD4801F00AFBAB48FDF7B9FA20888A
:107D5000002806DD608864214843218890FBF1F00B
:107D600000E0002005462A46D5A1A34801F0F6FA16
:107D7000A148FDF7A5FAD8A19F48226901F0EEFAC3
:107D80009D48FDF79DFA627BDAA19B4801F0E6FA77
:107D90009948FDF795FADEA0FDF792FA70BD10B58F
:107DA000044696210320FCF7B0FB2246E1A192484D
:107DB00001F0D4FA9048FDF783FA10BD664A103AF4
:107DC000128A521C644B103B1A8248B11A46528ADE
:107DD000521C93B2604A103A5382002353770DE04D
:107DE0005D4A103A928A521C93B25B4A103A9382CF
:107DF000527F521CD3B2584A103A5377564A103A1F
:107E00001177704710B5D448007880B90120D24965
:107E1000087051481038C1780020FFF7CFFF0220CA
:107E2000FFF7BDFFFFF75EFFCCA0FDF749FAFCF7B7
:107E300089FC494910398968401AB0F5FA7F24D97C
:107E40000020C5490870444810380079032815DA25
:107E5000414810380079401C3F49103908710846E4
:107E6000008B401C81B23C481038018301203A4904
:107E700010390870C0A0FDF723FA06E00A20364941
:107E800010390870C4A0FDF71BFA10BD2DE9F041B0
:107E900006460C4615461F460021304604F01EFCDF
:107EA00006460021204604F019FC0446002128461D
:107EB00004F014FC05463B462A4621463046FBF7B3
:107EC0001DF810B90120BDE8F0810020FBE710B5D6
:107ED0004FF49673B8480268B8480168B84800681B
:107EE000FFF7D4FF10BD10B5B6A0FDF7E9F9FFF715
:107EF000EEFF0C201849103908700020087110BDE1
:107F000010B5B6A0FDF7DCF913481038C178012090
:107F1000FFF754FF0A20104910390870FCF712FCD3
:107F20000D491039886010BD014631B1012905D0D5
:107F3000022904D0032903D162E163E15CE15DE140
:107F400062E100000000C842B01B0020000048C2EF
:107F50000000204200004842001C00200D0A5B5334
:107F60006F7274696E672056322E305D20496E69DB
:107F700074204F4B0D0A00005B536F7274696E677B
:107F80005D205461726765743A2041636375726164
:107F900063793E3D3935252054696D653C3D31306E
:107FA000732F70630D0A00005B536F7274696E6704
:107FB0005D20436F6C6F722063616C6962726174E3
:107FC000696E672E2E2E0D0A000000005B536F7243
:107FD00074696E675D2043616C6962204F4B20526B
:107FE0003A256420473A256420423A256420433AE2
:107FF00025640D0A00000000C80200205B536F7268
:1080000074696E675D2050726F6365737320546985
:108010006D653A202564206D7320284176673A20EB
:108020002564206D73290D0A000000000D0A3D3DF6
:108030003D3D3D3D3D3D3D3D20536F7274696E6752
:10804000205374617473203D3D3D3D3D3D3D3D3DBC
:108050003D0D0A00546F74616C20417474656D703D
:1080600074733A2025640D0A0000000053756363A1
:108070006573733A2025640D0A0000004661696C3F
:1080800065643A2025640D0A00000000436F6C6FA0
:1080900072204572726F72733A2025640D0A0000D7
:1080A000526574726965733A2025640D0A000000F8
:1080B00054696D656F7574733A2025640D0A00006C
:1080C0005375636365737320526174653A20256448
:1080D00025250D0A000000004176672050726F636D
:1080E0006573732054696D653A202564206D730DA6
:1080F0000A000000436F6E736563757469766520CE
:108100004572726F72733A2025640D0A00000000F8
:108110003D3D3D3D3D3D3D3D3D3D3D3D3D3D3D3D8F
:108120003D3D3D3D3D3D3D3D3D3D3D3D3D3D0D0AE2
:10813000000000005B536F7274696E675D20416CD4
:1081400061726D21204572726F7220436F64653ACF
:108150002025640D0A000000E00100205B536F72CF
:1081600074696E675D204572726F722048616E643B
:108170006C65640D0A0000005B536F7274696E6772
:108180005D20507265706172652052657472792E3F
:108190002E2E0D0A000000005B536F7274696E672B
:1081A0005D204D61782052657472792C2041626F98
:1081B00072740D0A00000000D0010020CC010020E4
:1081C000C80100205B536F7274696E675D20526551
:1081D0007475726E20486F6D650D0A005B536F7287
:1081E00074696E675D20506C61636520436F6D70CC
:1081F0006C6574650D0A0000F4A07047F4A0FCE7FC
:10820000F5A0FAE7F6A0F8E7F7A0F6E7F8B5044618
:108210000D46FCF797FA06462846FFF785FE074607
:108220003B462246F2A1FE48009601F097F8FC4832
:10823000FDF746F8F8BD70B50546012D01DB032DAD
:1082400001DD002070BDF74800EB05144FF4967374
:10825000F54AD4E90001FFF719FE08B90020F1E75B
:108260006420FBF7DCFF4FF4FA7394E80700FFF794
:108270000DFE08B90020E5E76420FBF7D0FF962249
:1082800040F2DC510520FAF7EAFD9620FBF7C7FF24
:108290004FF49673E44AD4E90001FFF7F7FD08B9FB
:1082A0000020CFE76420FBF7BAFF0120CAE710B532
:1082B000DEA0FDF705F8E549C878FFF7BCFF18B167
:1082C0000920E249087007E0E048C1780320FFF781
:1082D0009DFF0B20DD490870FCF734FADB4988600C
:1082E00010BD70B5D948C478012C01DB032C07DD23
:1082F00021460120FFF78AFF0B20D449087070BD8A
:108300002046FFF711FE05462A46D1A1C44801F0D8
:1083100025F8C348FCF7D4FF0820CC490870FCF7C7
:1083200011FACA49886000BFE9E770B5FDF7F7FFA9
:108330000446002C01DC002070BDA5B20C2D01DA32
:108340000120F9E70020F7E710B50024FFF7EDFF63
:1083500000B1012434B1C6A0FCF7B2FF0720BB492D
:1083600008701DE0C9A0FCF7ABFFB84800790328EE
:108370000EDAB6480079401CB44908710846008BF3
:10838000401C81B2B14801830520B049087007E064
:10839000AE48C1780220FFF739FF0B20AB490870C7
:1083A000FCF7D0F9A949886010BD10B54FF4FA73F5
:1083B000BE4A0021BE48FFF769FD08B9002010BD84
:1083C0006420FBF72CFFC8224FF416610520FAF752
:1083D00046FDC820FBF723FF4FF49673924A002115
:1083E000B348FFF753FD08B90020E8E76420FBF726
:1083F00016FF0120E3E710B5AEA0FCF761FFFFF721
:10840000D4FF18B106209149087007E08F48C17861
:108410000220FFF7FBFE0B208C490870FCF792F955
:108420008A49886010BD2DE9F04104460D46164684
:108430001F463B46324629462046FFF727FD10B926
:108440000020BDE8F0816420FBF7E9FE0120F8E799
:1084500010B5A0A0FCF734FF4FF49673A54A002195
:108460009348FFF7E0FF30B16420FBF7D8FE05200A
:108470007649087007E07548C1780520FFF7C6FE09
:108480000B2072490870FCF75DF97049886010BDD7
:108490000246042900D009B9012070478A4201D15F
:1084A0000120FAE70020F8E7684991F8301001B997
:1084B00070476649098D00290EDD4288D201634B61
:1084C0001B8DB2FBF3F1B1F5803F02D34FF6FF7283
:1084D00000E08AB2428000BF5C49498D00290EDD70
:1084E0008288D301594A528DB3FBF2F1B1F5803F36
:1084F00002D34FF6FF7200E08AB2828000BF534978
:10850000898D00290EDDC288D301504A928DB3FBBC
:10851000F2F1B1F5803F02D34FF6FF7200E08AB26C
:10852000C28000BF00BFC3E72DE9FE4F01A8FEF7E0
:10853000D8FE464890F8300010B101A8FFF7B4FF0C
:10854000BDF80400502802DA0420BDE8FE8F694619
:1085500001A8FEF734FFBDF8040004F077FA814665
:10856000BDF8060004F072FA8246494604F024F988
:108570000646BDF8040004F069FA8146BDF808001B
:1085800004F064FA8246494604F016F90546BDF83F
:10859000040004F05BFA8146BDF80A0004F056FAC4
:1085A0008246494604F008F907463446A846214663
:1085B000284604F05FFB01D2A0462C4621463846EF
:1085C00004F058FB00D297E098E000005265640088
:1085D000477265656E000000426C75650000000022
:1085E0004E6F6E6500000000556E6B6E6F776E000B
:1085F0005B536F7274696E675D204572726F722093
:108600004C6F673A20436F64653D256420436F6C6F
:108610006F723D25732054696D653D25640D0A0018
:10862000C8020020B01B00200000A0425B536F7204
:1086300074696E675D20537461727420506C61635D
:10864000696E672E2E2E0D0A00000000F01B002020
:108650005B536F7274696E675D204D6F7665207431
:108660006F2025732053746174696F6E0D0A0000CA
:108670005B536F7274696E675D204772616220564A
:108680006572696679204F4B0D0A00005B536F726B
:1086900074696E675D204772616220566572696613
:1086A00079204661696C0D0A000000000000C84195
:1086B0000000F0425B536F7274696E675D20537403
:1086C000617274204772616262696E672E2E2E0D90
:1086D0000A0000005B536F7274696E675D20417021
:1086E00070726F616368696E6720506172742E2EBC
:1086F0002E0D0A0000003442A0463C46414620466A
:1087000004F05AF88146F84904F0B4F921D2BDF8D2
:108710000000B0F5A57F03DABDF800001E2801DCDB
:10872000012012E7BDF800003C2805DBBDF8000081
:10873000B42801DC022008E7BDF80000B42806DBFD
:10874000BDF80000B0F5877F01DC0320FDE60420C2
:10875000FBE62946304604F08DFA06D2394630460B
:1087600004F088FA01D20120EFE63146284604F0F1
:1087700081FA06D23946284604F07CFA01D202205A
:10878000E3E63146384604F075FA06D22946384603
:1087900004F070FA01D20320D7E60420D5E62DE9D3
:1087A000FF5FFBF7CFFFD1490968401A322801D299
:1087B000BDE8FF9FFBF7C6FFCC490860FFF7B4FE9A
:1087C000CB49CC4A12788854CA480078401CC94921
:1087D000087008460078052800DAE9E70025002639
:1087E0000027AB46A9461CE0C14810F80900012843
:1087F00004D0022805D0032809D105E0681CC5B2C1
:108800000AE0701CC6B207E0781CC7B204E00BF1A6
:10881000010000F0FF0B00BF00BF09F1010000F0F4
:10882000FF09B9F1050FDFDB04244FF000084545CF
:1088300001DDA8460124464501DDB0460224474536
:1088400001DDB8460324642008FB00F0052190FBFD
:10885000F1F000F0FF0AA848C4700020A549087094
:108860002046FFF761FB53460246A4A18DE8E000D5
:108870000390AF4800F072FDAD48FCF721FDBAF15E
:108880003C0F01DB042C07D121460620FFF7BEFC7C
:108890000B20994908708BE797488078042814D0FA
:1088A0009548807888B1944881782046FFF7F0FD9C
:1088B00068B921460120FFF7A9FC8F48C08A401CF7
:1088C00081B28D48C182847001E08B48847004209D
:1088D00089490870FBF736FF8749886000BF67E762
:1088E0002DE9FC5F8346894600240AE0FFF71CFE61
:1088F0000DF80400042C02DA3220FBF790FC601C17
:10890000C4B2052CF2DB00260027B046002417E095
:108910001DF80400012804D0022805D003280BD13B
:1089200005E0701CC6B208E0781CC7B205E008F18B
:10893000010000F0FF0800E000BF00BF601CC4B2EF
:10894000052CE5DB4FF0040A0025AE4202DD35467A
:108950004FF0010AAF4202DD3D464FF0020AA84542
:1089600002DD45464FF0030A8BF800A064206843FF
:10897000052190FBF1F089F80000BAF1040F06D050
:1089800099F800003C2802DB0120BDE8FC9F002094
:10899000FBE71CB5694601A8FFF7A2FFD0B19DF81F
:1089A00004005549C8709DF80400FFF7BDFA04465D
:1089B0009DF8003022465FA15D4800F0CFFC5C4886
:1089C000FCF77EFC03204C490870FBF7BBFE4A49CC
:1089D000886006E004210620FFF718FC0B204649BA
:1089E00008701CBD2DE9F0415C48007810B10128E9
:1089F00039D125E0FDF75EFA02215948F7F70DFE5F
:108A0000054601215648F7F708FE06460821544856
:108A1000F7F703FE074602215248F7F7FEFD04462A
:108A20006DB166B15FB154B100210846F9F723FF7B
:108A300001204A490870FBF785FE2F49886012E043
:108A4000FBF780FE2C498968401AB0F5967F09D95A
:108A5000002042490870022027490870FBF772FE87
:108A60002549886000BF00BFBDE8F081704710B5A0
:108A7000214800780D2836D2DFE800F0070A0D10F3
:108A80001316191C1F2225282B00FFF7EFFF7DE08E
:108A9000FFF7A8FF7AE0FFF77CFF77E0FFF77FFEA4
:108AA00074E0FFF7D5FC71E0FFF7A5FC6EE0FFF77F
:108AB0004BFC6BE0FFF715FC68E0FFF7F8FB65E0A7
:108AC000FFF71EFA62E0FFF70EFA5FE0FFF79AF990
:108AD0005CE0FFF7DFF8002007494871087022A02A
:108AE000FCF7EEFB52E04DE06666A63FDC0100209D
:108AF000D6010020D5010020F01B00205B536F72CF
:108B000074696E675D205665726966793A202573CF
:108B100020436F6E663A256425252028523A256445
:108B200020473A256420423A2564290D0A000000B6
:108B3000C80200205B536F7274696E675D204465E4
:108B40007465637465643A2025732028436F6E66EC
:108B50003A25642525290D0A00000000D4010020D3
:108B600000080140000C01405B536F7274696E672E
:108B70005D205461736B20436F6D706C6574650D7F
:108B80000A0000000020F549087000BF00BF10BDBA
:108B900070B50446F148407918B1F1A0FCF790FB9C
:108BA00070BDEE4884700020EC49C8700871012047
:108BB0004871FBF7C7FDE9498860FBF7C3FDE7494A
:108BC000C860012008702046FFF7AEF905462A4626
:108BD000EBA1F44800F0C2FBF248FCF771FB00BFC8
:108BE000DEE710B50020DD49487108700871FFF715
:108BF0006EF9EDA0FCF764FB10BD2DE9FE4F0446B5
:108C000001A8FEF76EFBD54890F8300010B101A81E
:108C1000FFF74AFC1CB10198206002986060BDF823
:108C20000400502802DA0420BDE8FE8FBDF80400DD
:108C300008B90420F8E7BDF8040003F007FF8346F5
:108C4000BDF8060003F002FF5946009003F0B4FDA2
:108C50000546BDF8040003F0F9FE8346BDF80800A0
:108C600003F0F4FE5946009003F0A6FD0646BDF859
:108C7000040003F0EBFE8346BDF80A0003F0E6FEB5
:108C80005946009003F098FD82465146304603F065
:108C900025FD4FF07C51009003F020FF83462946CC
:108CA00004F019F807465146284603F017FD4FF027
:108CB0007C51009003F012FF8346314604F00BF81C
:108CC00080463146284603F009FD4FF07C51009064
:108CD00003F004FF8346514603F0FDFF8146414601
:108CE000384603F0C7FF0BD24946384603F0C2FFAF
:108CF00006D20021384603F0BDFF01D2012093E7E0
:108D00003946404603F0B6FF0BD24946404603F0D1
:108D1000B1FF06D20021404603F0ACFF01D2022091
:108D200082E73946484603F0A5FF0BD24146484644
:108D300003F0A0FF06D20021484603F09BFF01D2BA
:108D4000032071E704206FE770B50446FDF7E7FAEA
:108D50000646002E01DC002070BDB5B2A01EA84260
:108D600004DCA01C854201DC0120F5E70020F3E7CC
:108D70007A48407970477948007870472DE9F04784
:108D800000260027B0468FA0FCF79AFA95A0FCF7C2
:108D900097FA9DA0FCF794FA40F6B830FBF73FFA3B
:108DA00000240BE0FFF7C0FB0546012D01D1701C2C
:108DB00086B23220FBF733FA601CC4B2142CF1DB0C
:108DC00006EB860233469BA1764800F0C7FA754849
:108DD000FCF776FAA0A0FCF773FA40F6B830FBF780
:108DE0001EFA00240BE0FFF79FFB0546022D01D180
:108DF000781C87B23220FBF712FA601CC4B2142C24
:108E0000F1DB07EB87023B469EA1664800F0A6FA1D
:108E10006448FCF755FAA5A0FCF752FA40F6B830C2
:108E2000FBF7FDF900240DE0FFF77EFB0546032D5F
:108E300003D108F101001FFA80F83220FBF7EFF9A7
:108E4000601CC4B2142CEFDB08EB88024346A2A1DD
:108E5000544800F083FA5348FCF732FAF0194044C2
:108E6000642148433C2190FBF1F000F0FF094A46A1
:108E7000A3A14C4800F072FA4A48FCF721FABDE879
:108E8000F08710B5A6A0FCF71BFAADA0FCF718FA06
:108E90004FF49673B24AB349B348FEF7F7FF4FF465
:108EA0007A70FBF7BCF9B1A0FCF70AFA4FF496739D
:108EB000AB4A0021AC48FEF7E9FF4FF47A70FBF7AC
:108EC000AEF9B3A0FCF7FCF94FF49673A44AB94984
:108ED000A548FEF7DBFF4FF47A70FBF7A0F9B6A0C8
:108EE000FCF7EEF9FEF7F3FFB9A0FCF7E9F910BDC6
:108EF0007CB5BEA0FCF7E4F9C5A0FCF7E1F9684633
:108F0000FEF7EFF9BDF80000002803DDCAA0FCF76A
:108F1000D7F902E0D0A0FCF7D3F9D8A0FCF7D0F93C
:108F2000FEF7D5FF18B1DDA0FCF7CAF902E0E0A01A
:108F3000FCF7C6F9E4A0FCF7C3F9FDF7F0F9044625
:108F4000002C04DDB4F5C87F01DAA0B200E00020F7
:108F50000546002D01DD2A46C8E1CFE1F01B0020C7
:108F60005B536F7274696E675D204572726F723AFF
:108F70002053797374656D20427573790D0A000072
:108F80005B536F7274696E675D20537461727420F5
:108F9000536F7274696E6720257320506172740D6F
:108FA0000A000000C80200205B536F7274696E678C
:108FB0005D205461736B2053746F707065640D0A8B
:108FC000000000000D0A5B546573745D20436F6CF4
:108FD0006F722041636375726163792054657374A5
:108FE0000D0A0000506C616365205265642C2047B7
:108FF0007265656E2C20426C756520626C6F636BC8
:10900000732E2E2E0D0A00005B546573745D205084
:109010006C6163652052656420626C6F636B2C2009
:1090200064657465637420696E2033732E2E2E0D73
:109030000A0000005B546573745D20526564204132
:10904000636375726163793A20256425252028259C
:10905000642F3230290D0A005B546573745D205013
:109060006C61636520477265656E20626C6F636B2F
:109070002C2064657465637420696E2033732E2E12
:109080002E0D0A005B546573745D20477265656E32
:109090002041636375726163793A20256425252038
:1090A0002825642F3230290D0A0000005B546573B7
:1090B000745D20506C61636520426C756520626C44
:1090C0006F636B2C2064657465637420696E203354
:1090D000732E2E2E0D0A00005B546573745D2042C2
:1090E0006C75652041636375726163793A2025640C
:1090F0002525202825642F3230290D0A0000000084
:109100005B546573745D20546F74616C20416363BC
:1091100075726163793A20256425250D0A000000E7
:109120000D0A5B546573745D2041726D2050726549
:10913000636973696F6E20546573740D0A000000D3
:109140005B546573745D204D6F766520746F20529B
:1091500065642053746174696F6E2E2E2E0D0A00A3
:1091600000002042000048C20000C8425B54657302
:10917000745D204D6F766520746F20477265656E53
:109180002053746174696F6E2E2E2E0D0A0000003C
:109190005B546573745D204D6F766520746F20425B
:1091A0006C75652053746174696F6E2E2E2E0D0AD6
:1091B00000000000000048425B546573745D20525B
:1091C000657475726E20486F6D652E2E2E0D0A0027
:1091D0005B546573745D2041726D20546573742017
:1091E000436F6D706C6574650D0A00000D0A3D3D9E
:1091F0003D3D3D3D3D3D3D3D2053656C6620546504
:109200007374203D3D3D3D3D3D3D3D3D3D0D0A00DE
:109210005B53656C66546573745D20436865636B6E
:10922000696E6720436F6C6F722053656E736F7247
:109230002E2E2E0D0A0000005B53656C665465737C
:10924000745D20436F6C6F722053656E736F722074
:109250004F4B0D0A000000005B53656C665465734C
:10926000745D20436F6C6F722053656E736F722054
:109270004572726F72210D0A000000005B53656C2D
:1092800066546573745D20436865636B696E67201F
:1092900041726D2E2E2E0D0A000000005B53656C8E
:1092A00066546573745D2041726D204F4B0D0A004A
:1092B0005B53656C66546573745D2041726D204527
:1092C00072726F72210D0A005B53656C6654657390
:1092D000745D20436865636B696E6720556C7472BA
:1092E00061736F6E69632E2E2E0D0A0007A111485F
:1092F00000F034F80F48FBF7E3FF02E00EA0FBF7A5
:10930000DFFF1548FBF7DCFF7CBD00005B53656C9D
:1093100066546573745D20556C747261736F6E6909
:1093200063204F4B2028446973743A256420636D91
:10933000290D0A00C80200205B53656C66546573F2
:10934000745D20556C747261736F6E696320457231
:10935000726F72210D0A0000108100080FB41CB555
:10936000074B06AA7B4469460090059800F075FDFE
:109370000020694600F084FD1CBC5DF814FB000071
:10938000190B000070B5044685690068C10601D557
:10939000302600E02026C00707D070BDD4E90121A7
:1093A00030469047206A401C20626D1EF6D570BD85
:1093B00070B5044685690078C00707D170BDD4E94F
:1093C000012120209047206A401C20626D1EF6D5A6
:1093D00070BD70B50C460546012A05D02878800678
:1093E00000D5EA69002302E0012305E05B1C9342FB
:1093F00002D2E05C0028F9D1A869E618C01AA86179
:10940000286A184428622846FFF7BCFF04E0D5E923
:10941000012114F8010B9047B442F8D32846FFF716
:10942000C7FF70BD2DE9F04106460024106875297C
:10943000314616A510D0AFF30080002802DA404272
:1094400013A507E031688A0701D512A502E0490794
:1094500004D511A5012401E0AFF3008000210A2208
:1094600006F1240709E0B0FBF2FCB0FBF2F302FBCB
:109470001C00303078541846491C0028F3D123468C
:109480002A463046BDE8F04100F079BA00000000FD
:109490002D0000002B000000200000002DE9F05FEF
:1094A000894604464FF0000ADFF824B1FB44C0F8B7
:1094B00020A02046E168884700287DD0252806D0D6
:1094C000D4E901219047206A401C2062F1E7002581
:1094D0005F462046E16888472028064607DB312E94
:1094E00005D2B81910F8200C08B10543F1E7A80718
:1094F00001D525F00405C4F81CA00027C4F818A065
:109500002A2E09D0304601F05DFF38B304EB8708FE
:10951000303EC8F8186019E059F8041B204604EBE7
:1095200087029161E1688847012F064618D1E069FA
:10953000002820DA25F020051DE0D8F8180000EBFF
:10954000800006EB40003038C8F818002046E1687B
:109550008847064601F036FF0028EED1012F0AD0D9
:109560002E2E08D12046E16888477F1C0646022F30
:1095700045F02005C4DBA069002803DA404245F02D
:109580000105A061E80701D025F01005A6B1A6F1FC
:109590004100192802D8203645F400654A46314674
:1095A000204625604D46F6F71DFE60B1012807D024
:1095B000ED1D25F0070000E007E000F1080978E75D
:1095C00005F1040975E730467AE7206ABDE8F09FA7
:1095D000D43A00000FB400B58DB010A909900091E5
:1095E0000B904FF0FF300A9000200C900648784412
:1095F0000690064878446A4607900F9909A800F03B
:109600006FFC0DB05DF814FB0F0900002709000086
:109610002DE9FF5F1D464FF0FF3B91464FF00008DC
:109620005F46D5E90146A96901987F1C8847296AE8
:10963000824688470028F6D1BAF1FF3F0CD0002EB1
:1096400024F4C06419DD600614D5BAF12B0F09D0DB
:10965000BAF12D0F0ED103E0584604B0BDE8F09FDB
:1096600044F48064A96901987F1C8847761E82466D
:10967000002E02DDBAF1300F03D0B9F1000F26D071
:1096800032E0A969761E01987F1C44F40074884773
:10969000002E824605DDBAF1780F06D0BAF1580FD8
:1096A00003D0B9F1000F10D01EE0B9F1000F02D0C5
:1096B000B9F1100F18D1A969761E01987F1C24F406
:1096C000007488478246102002E0082000E00A204B
:1096D000814609E0A96908FB0908761E01987F1CEC
:1096E00044F4007488478246002E05DD4946504602
:1096F00000F0E1FB0028EDDAE96901988847A00550
:1097000002D46FF00100A8E7E00725D1600613D569
:10971000600502D5C8F1000000E0404629680A1D36
:109720002A600968220501D5087015E0220701D5D5
:10973000088011E008600FE02868011D29600068BA
:10974000210502D580F8008006E0210702D5A0F8A7
:10975000008001E0C0F8008038467EE740EA01035F
:10976000024630B59B0710D14FF0013400E008C22B
:1097700008C91D1B9D4315EAC41FF8D013F0FF0153
:1097800002F8011B0DD01B0AF8E711F8013B002B72
:1097900002F8013B05D011F8013B002B02F8013B18
:1097A000F3D130BD10B5431C02E010F8011B71B1BC
:1097B0008107FAD14FF0013202C88C1A8C4314EAA7
:1097C000C211F9D0C01A0A0603D0C01E10BDC01ABB
:1097D00010BD0A0401D0801E10BD0902FCD0401E3D
:1097E00010BD032A40F2308010F0030C00F0158009
:1097F00011F8013BBCF1020F624498BF11F801CB94
:1098000000F8013B38BF11F8013BA2F1040298BFF8
:1098100000F801CB38BF00F8013B11F0030300F062
:109820002580083AC0F0088051F8043B083A51F806
:1098300004CBA0E80810F5E7121D5CBF51F8043B0B
:1098400040F8043BAFF30080D20724BF11F8013B7E
:1098500011F801CB48BF11F8012B24BF00F8013BE0
:1098600000F801CB48BF00F8012B704710B5203A33
:10987000C0F00B80B1E81850203AA0E81850B1E8C9
:109880001850A0E81850BFF4F5AF5FEA027C24BF7F
:10989000B1E81850A0E8185044BF18C918C0BDE876
:1098A00010405FEA827C24BF51F8043B40F8043B3F
:1098B00008BF7047D20728BF31F8023B48BF11F8F4
:1098C000012B28BF20F8023B48BF00F8012B70474E
:1098D0004FF000020429C0F0128010F0030C00F0D9
:1098E0001B80CCF1040CBCF1020F18BF00F8012B57
:1098F000A8BF20F8022BA1EB0C0100F00DB85FEA25
:10990000C17C24BF00F8012B00F8012B48BF00F8F0
:10991000012B70474FF0000200B51346944696465F
:10992000203922BFA0E80C50A0E80C50B1F1200172
:10993000BFF4F7AF090728BFA0E80C5048BF0CC020
:109940005DF804EB890028BF40F8042B08BF70477E
:1099500048BF20F8022B11F0804F18BF00F8012BF0
:10996000704770477047704710B500F0EDFA006817
:1099700010BD10B5044600F0E7FA046010BD2DE9F3
:10998000F0470D4699469246044600F124080168C6
:10999000880604D5E06921F01001216000E0012073
:1099A000A84201DD471B00E00027A1697A1902EBFC
:1099B0000900081AA0612078C00602D42046FFF7EB
:1099C000E1FC002608E0D4E901211AF806009047DE
:1099D000206A401C761C20624E45F4DB2078C006CD
:1099E0000AD52046FFF7CEFC06E0D4E9012130205D
:1099F0009047206A401C2062381EA7F10107F4DC62
:109A000007E0D4E9012118F805009047206A401CBE
:109A10002062281EA5F10105F3DC2046FFF7C8FCF3
:109A20002078000602D50220BDE8F0870120FBE780
:109A300070472DE9FF4F0C461E464FF0FF378BB0A5
:109A4000D2E90001DDF860800A908A46C1F30A5528
:109A500005B93D46002108464FF00000BAF1000F5D
:109A600000F4400005DA00EB80004FF4400101EA09
:109A700050004FEA9059B9F1010F00DDB9460A983C
:109A800050EA4A000ED044F61050A5F2FF35454387
:109A90002F14B8F1000F1ED07542291E1EDDC9F12A
:109AA00000021CE0B8F1010F4FF0000001D030219E
:109AB00003E0F24305E02154401CB042FBDB30469A
:109AC0000022002121540B99C1F80880C1E900202F
:109AD0000FB0BDE8F08FBD1B6D1CDEE74A4600DA13
:109AE000694206A800F07CFC06AB93E8070003ABD4
:109AF00083E8070050460A9900F067FD8DE80700EB
:109B0000A0F500501F3800900398002D0ADD42F2A6
:109B10001F014A460844002303A90390684600F049
:109B2000D0FF09E0A0F500504A461F38002303A9E2
:109B30000390684600F0DAFF8DE807000004000C8F
:109B400003D04FF0FF30410800E01046B8F1000F9D
:109B500003D00022009215461EE0751E05D400F0C9
:109B6000F7F9303262556D1EF9D5B346012208432C
:109B700002D000227F1C04E02078302801D100228E
:109B80007F1E002A099784D01DE0112D07DA00F00E
:109B9000DFF9303262556D1C50EA0102F5D10843FD
:109BA00002D00098C8B10EE00021681E05E0235CD9
:109BB000625C63542254401E491C8142F7DBAB4671
:109BC000A81B401E0990002004F80B000B98099A6E
:109BD000C0F80880C0E9002B7AE711264FF0000892
:109BE00057E72DE9F04F88460446D21D22F00701C1
:109BF00091B0D1E90001CDE90A0101F0AEF80246C9
:109C00000B98C00F01D02D2007E02068810701D5F7
:109C10002B2002E0202101EAC000032A099001D094
:109C2000072A05DB03464146204600F0DFF90BE139
:109C30002078800601D5E06900E00620B8F1650FC4
:109C4000814606D0B8F1660F18D0B8F1670F70D111
:109C500031E00020B9F1110F009001DB112301E088
:109C600009F101030AAA01A90CA8FFF7E2FEDDE948
:109C70000C70002609F10105834647E001204B46A0
:109C800000904FF000470AAA01A90CA8FFF7D1FEE7
:109C9000DDE90DB00C995D46002610B909F101000F
:109CA0000D18B9EB050003D4C0F1FF3609F1010529
:109CB000A5EB09002BE0B9F1010F01DA4FF0010922
:109CC0000020B9F1110F0090484601DD112300E09A
:109CD00003460AAA01A90CA8FFF7ABFEDDE90C7048
:109CE0004D4600268346207800070AD4AB4500DAAB
:109CF0005D4601A8012D04DD411911F8011C302930
:109D000007D04F4502DA17F1040F04DA012082462A
:109D10000FE06D1EEEE7002F02DCED1B3E4403E07A
:109D2000781CA84200DD7D1CB81B00F1010A4FF031
:109D300000472078000703D4AA4501DB4FF0FF3A23
:109D40000021B7F1004F0DF143088DF8431024D0E6
:109D500002202B23002F01DA7F422D230A21021E2D
:109D6000A0F1010000DC5FB197FBF1FC97FBF1F281
:109D700001FB1C7C17460CF1300C08F801CDEEE716
:109D8000A8F1010003702188090501D5452100E0F3
:109D90006521A0F1010800F8011C09980FA9A1EBA9
:109DA0000807FF1D00B10120411901EBEA70A1690C
:109DB0003844081A401EA0612078C00602D420460C
:109DC000FFF7E0FA099828B1D4E901219047206A09
:109DD000401C20622078C00622D52046FFF7D2FA28
:109DE0001EE0002E04DBB34502DD01A8805D00E02B
:109DF0003020D4E901219047206A401C2062761C63
:109E0000AAF101005FEA000A0AD100F099F8C068DF
:109E10000168405CD4E901219047206A401C20621F
:109E2000281EA5F10105DCDC07E0D4E9012118F8C2
:109E3000010B9047206A401C2062381EA7F10107E1
:109E4000F3DC2046FFF7B4FA032011B041E600002E
:109E500001694A1C02610878704700B58FB0CDE9EE
:109E600001310021059105497944CDE903101146DE
:109E70006846FFF713FB0FB000BD0000E5FFFFFFD2
:109E80000A6802F8010B0A60704710B5436913B104
:109E9000AFF3008001E0FFF79CFA012010BD1278BB
:109EA00000F124010A7000224A700122EDE71168D6
:109EB0004FF0FF32E9E73A2800D2303820F0200294
:109EC000412A01D3A2F13700884201D34FF0FF307D
:109ED000704700000268114413780160184670470B
:109EE000D1600549794451610449794411620021E6
:109EF0001161114600F0BAB8EDFFFFFFED00000060
:109F0000426842B1016811F8013B23B1521EC0E919
:109F10000012184670470121C160881E70474268D0
:109F20005AB1C368016843B983688B4205D0491EA2
:109F3000521CC0E90012002070474FF0FF307047FC
:109F400000487047441C002000487047241C002033
:109F500030B5B0F10A024FEA900E71F100034EEAFB
:109F6000817EB0EB0E0061EB91014FEA101E4EEACC
:109F7000017E10EB0E0041EB11114FEA102E4EEA5C
:109F8000016E10EB0E0041EB11214FEA104E4EEA2C
:109F9000014E10EB0E0041EB1141401841F1000160
:109FA0004FEAD00040EA41704FEAD10110EB800542
:109FB0004FEA810444EA907444EB01046D1944EBC8
:109FC0000404521BA3414FF0000348BF0A3200D5DE
:109FD00030BD401C41F1000130BD10B5044600F019
:109FE0009BFA0068005D00F0010010BD2DE9F04112
:109FF0001F46044603260168072A01F4006004DBBB
:10A0000008B116A505E016A503E008B115A500E006
:10A0100015A521F010002060A069C01EA0610FB13D
:10A02000401EA0612046FFF7ADF94FB1D4E90121F0
:10A0300038469047206A401C2062C01C206206E01F
:10A04000206AFAE7D4E9012115F8010B9047761E42
:10A05000F8D22046FFF7ACF9BDE8F0814E414E0042
:10A060006E616E00494E4600696E66002DE9F34F41
:10A070004FF0000A0C4656468DB001200C9001F1BD
:10A080000C000B9062690B9801219047051E2DD0A2
:10A09000252D2CD0216A8847C0B162690B98012117
:10A0A0009047216A88470028F7D16269411E0B98C2
:10A0B000904700E0761CA1690D988847216A88477F
:10A0C0000028F7D1E1690D988847DBE7A1690D9871
:10A0D0008847A842074601D1761CD3E7E1690D986D
:10A0E00088477F1C02D1BAF1000F6FD06CE1626922
:10A0F0000B9800273D46394690472A2804D16269CB
:10A100000B98012190470125DFF8D08262690B98F6
:10A1100001219047A0F130010A290AD24745E5DC28
:10A1200007EB870100EB4107303FDFD445F0100516
:10A13000ECE7E90601D46FF000476C280AD04C2800
:10A1400014D0682815D06A280DD074281CD07A281D
:10A150001AD01DE062690B98012190476C2802D04B
:10A1600045F0040514E045F002050DE045F020053A
:10A170000AE062690B9801219047682802D045F0F7
:10A18000080505E045F4006562690B9801219047D8
:10A19000C4E9015765283DD019DC58287AD00CDC79
:10A1A000452837D004DC252826D041289ED131E02F
:10A1B00046282FD0472899D12CE05B2877D06128FA
:10A1C00028D063287CD0642823D15AE0F7E06F2898
:10A1D00048D008DC66281DD067281BD0692821D00C
:10A1E0006E2816D127E0702845D0732868D07528CE
:10A1F00047D078280DD14DE0A1690D9888472528D2
:10A2000005463FF469AFE1690D9888476D1C3FF43E
:10A210006AAFD9E00D9923466A466FF00100AFF3AB
:10A220000080C6E045F0400023464FF00002606029
:10A23000A80736D43EE0E8077FF447AF2068011D49
:10A2400021600068290501D506701BE7290701D5A3
:10A25000068017E7A90703D5F117C0E9006111E7E8
:10A2600006600FE745F0400023464FF008026060AB
:10A27000A80716D41EE040F60E0125EA0100606032
:10A2800016E045F0400023464FF00A026060A80740
:10A2900007D40FE045F040006060A80708D52346CA
:10A2A00010220D996FF00100AFF3008081E007E00C
:10A2B000102223460D996FF00100FFF7A9F978E00D
:10A2C0004FF0000963284F46C8464B46CB4602D0A4
:10A2D0005B2807D039E02079C00601D40120A060B6
:10A2E000012732E06269D4F80CB00B980121904745
:10A2F0005E2807D14FF0010949466269D4F80CB0D5
:10A300000B989047216939B900210A4603AB43F8FD
:10A310002120491C0829FADBD8B3216949B308F187
:10A32000010862690B98012190475D28F4D1B9F1C9
:10A33000000F09D0002003A951F82020D24341F892
:10A340002020401C0828F7DB03AB20690028207977
:10A350004FEA40701ED05B462246CDF80080CDE922
:10A3600001970D9900286FF0010020DAAFF300800B
:10A370001FE0C11703AA00EBD1614B1121F01F01AF
:10A3800002EB8302411A13680120884003431360E3
:10A39000C7E719E00D99224600286FF001000097E9
:10A3A00002DAAFF3008004E0AFF3008001E0AFF326
:10A3B000008000280ADA401C06D10C9820B14FF02A
:10A3C000FF300FB0BDE8F08F5046FAE7E90701D142
:10A3D0000AF1010A064400200C9053E6CCCCCC0CC8
:10A3E0002DE9F047814616468AB0354878440DC8B5
:10A3F0008DE80D0032487844801C03AC0DC884E819
:10A400000D0041F69B300844372190FBF1F290FBA0
:10A41000F1F5A5F1800501FB12041B3C02D5644255
:10A42000012000E00020DFF898A080460027FA44D1
:10A43000AAF1BE0A0EE0E0070AD03246684607EBF2
:10A44000470101230AEB810100F050FB8DE8070072
:10A4500064107F1C002CEED1194F7F44AE3F19E0F1
:10A46000E80715D007EB04100DF1180A90E80E006C
:10A470008AE80E00C068F04201D19819089032466F
:10A48000012306A903A800F031FB03AB83E8070012
:10A490006D10641C002DE3D14FF001033246694674
:10A4A000B8F1000F03A802D000F00BFB01E000F0B0
:10A4B0001DFBC9E90001C9F808200AB0BDE8F08712
:10A4C0002C2E000000487047241C00207546FFF722
:10A4D000F9FFAE4605006946534620F00700854661
:10A4E00018B020B5F8F78CF9BDE820404FF0000611
:10A4F0004FF000074FF000084FF0000B21F007016C
:10A50000AC46ACE8C009ACE8C009ACE8C009ACE8AE
:10A51000C0098D467047000010B5FFF711FD001D02
:10A5200010BD00BF0115000010B50446AFF3008058
:10A530002046BDE81040F5F77BBE00004FF0013C1F
:10A5400050F8042B51F8043B9A4221D1A2EB0C03A2
:10A55000934313EACC1317D150F8042B51F8043B62
:10A560009A4215D1A2EB0C03934313EACC130BD1FF
:10A5700050F8042B51F8043B9A4209D1A2EB0C038A
:10A58000934313EACC13DBD04FF00000704700BFB9
:10A59000D01A01BAB1FA81F101F0180122FA01F0E2
:10A5A000CB40C1F12001DBB2C0B2C01A2CFA01F3DA
:10A5B000D11A914311EAC311E6D17047014918201D
:10A5C000ABBEFEE72600020070475FEA400C08BF02
:10A5D00091F0000F4FEA8C234FEAC12243EA515118
:10A5E0004FEA1C5018BF00F5F0404FEA300018BF8A
:10A5F00041F000415FEA6C5C00F02980BCF1FF3F54
:10A6000008BF40F080407047130C06BF12044FF0A3
:10A61000100C4FF0000C130E04BF12020CF1080CCA
:10A62000130F04BF12010CF1040C930F04BF92002E
:10A630000CF1020CD30F04BF52000CF1010C1146B7
:10A640004FF00002A0F11F00A0EB0C00704711F0CA
:10A65000004F08BF704731F000413FF4D5AF0B0CFD
:10A6600006BF09044FF0100C4FF0000C0B0E04BF96
:10A6700009020CF1080C0B0F04BF09010CF1040CCA
:10A680008B0F04BF89000CF1020CCB0F04BF4900F3
:10A690000CF1010CCCF12003A0EB0C0022FA03F327
:10A6A00002FA0CF241EA030100F10100704720F0C8
:10A6B0007F4C80EA030023F07F47ACEB070303F5F0
:10A6C0007C5300F0004003F1FF032DE980494FEA7D
:10A6D000154B09B44FEA144325EA0B4E24EA03480C
:10A6E0000FF2042606EB132749083E785FEA320290
:10A6F00003FB0667C7F5000707FB06F64FEA54376A
:10A700004FEAD64606F1020607FB066CCCF1005C68
:10A710004FEA1C472CEA074C07FB06F40CFB06F536
:10A7200004EB15464FEA961634BF00204FF0004068
:10A730004FEAD13706FB07FC4FEA1C4C0CFB0BF72A
:10A74000D21B03FB0CF761EB07010CFB0EF7B0EB20
:10A75000074072EB17420CFB08F734BFA2EB07422D
:10A76000B2EB074261EB17414FEA0C444FEA910705
:10A7700006FB07FC4FEA1C4C0CFB0BF7B0EBC74089
:10A7800072EB573203FB0CF734BFA2EBC742B2EBBC
:10A79000C74261EB57310CFB0EF7B0EBC70072EB11
:10A7A00057720CFB08F734BFA2EBC702B2EBC7022B
:10A7B00061EB5771039F4FEA816141EA921104EB0B
:10A7C000CC044FEAD1374FEA826206FB07FC42EA2B
:10A7D00090124FEA80604FEA1C4C0CFB0BF7D21B27
:10A7E00003FB0CF761EB07010CFB0EF7B0EB074026
:10A7F00072EB17420CFB08F734BFA2EB0742B2EB37
:10A80000074261EB17414FEA8C554FEA910704EB81
:10A810009C2406FB07FC4FEA1C4C0CFB0BF7B0EB2F
:10A82000C74072EB573203FB0CF734BFA2EBC742B1
:10A83000B2EBC74261EB57310CFB0EF7B0EBC70030
:10A8400072EB57720CFB08F734BFA2EBC702B2EBF6
:10A85000C70261EB577115EB4C254FEA816141EA64
:10A8600092114FEA82624FEAD13742EA901206FB18
:10A8700007FC44F100044FEA80604FEA1C4C0CFBDB
:10A880000BF7D21B03FB0CF761EB07010CFB0EF778
:10A89000B0EB074072EB17420CFB08F734BFA2EB9A
:10A8A0000742B2EB074261EB174115EB1C154FEA6B
:10A8B000813141EA92414FEA823242EA90424FEAC4
:10A8C00080304FEA0C7644F1000448EA03434EEA34
:10A8D0000B484FF0000EB2EB080C71EB030724BFDE
:10A8E000624639464EEB0E0E4FF0000B00185241F7
:10A8F00049414BEB0B0BB2EB080C71EB03077BF1FF
:10A90000000B24BF624639464EEB0E0E4FF0000B93
:10A910000018524149414BEB0B0BB2EB080C71EBA9
:10A9200003077BF1000B24BF624639464EEB0E0E47
:10A9300051EA020718BF46F0010616EB0E7655F1F4
:10A94000000254F1000103D5BDE88901BDE800888B
:10A95000BDE88901BDE80048B619524141EB01014B
:10A96000A3F10103704780807F7E7D7C7B7A7978BC
:10A97000777676757473727171706F6E6E6D6C6CC4
:10A980006B6A6A6968686766666564646363626166
:10A990006160605F5F5E5E5D5D5C5C5B5B5A5A59E7
:10A9A0005958585757565655555554545353525253
:10A9B0005251515050504F4F4F4E4E4D4D4D4C4CAB
:10A9C0004C4B4B4B4A4A4A494949484848474747F4
:10A9D0004746464645454544444444434343434231
:10A9E000424242414141002B9C4630D477002BD05B
:10A9F0001CB54FEA370703B44FF010004FF01001B9
:10AA0000BAF1000F06D0BCF1000FDCBF40F0080027
:10AA100040F008014FF000000FBCBDE810400BF102
:10AA2000010BBBF1010F08BF5FEA170722BF12F14C
:10AA3000010211F101014FF0004143F1000300F068
:10AA4000004043EA00007047F9D35708D0E746EAD0
:10AA5000064613F1400F4FEA16461FDD13F1200F93
:10AA6000DFBF16430A46002120335B42BED0C3F14C
:10AA7000200746EA064602FA07F74FEA164646EA74
:10AA80000706C3F1200722FA03F201FA07F721FAB9
:10AA900003F14FF0000342EA0702A7E746EA020685
:10AAA00046EA06464FEA164646EA0106BCBF46EAB3
:10AAB0000646360C4FF000034FF000024FF0000145
:10AAC00094E72DE9804C9A46934670B491E838009B
:10AAD00007C831EA400C48BF34EA430C03D5FFF7FE
:10AAE000E6FDFFF780FFF0BCBDE8008C2DE9804C4F
:10AAF0009A46934670B491E8380007C810F0804F2A
:10AB000008BF13F0804F03D100F005F8FFF76BFF8B
:10AB1000F0BCBDE8008C20F07F4780EA030023F002
:10AB20007F4C07EB0C03A3F57C5300F00040A3F12E
:10AB3000FE0392F0000F00F0B38095F0000F00F0DC
:10AB400077802DE901494FEA11404FEA144621EA86
:10AB5000004800FB06FC24EA064708FB06F607FB54
:10AB600008F800FB07F718EB06484CEB164C4FEAC9
:10AB7000124B18EB07484FEA15464CEB174022EAF8
:10AB80000B4E0BFB06FC25EA06470EFB06F607FB01
:10AB90000EFE0BFB07F71EEB064E4CEB164C4FF070
:10ABA00000061EEB074E4CEB174B18EB0B0840F161
:10ABB000000018EB0E0B58EB000840F100008F1A54
:10ABC0004FF000013CBFC943661B14BFB5EB040C3A
:10ABD00000213CBFC943F61B4FEA17444EEA8E0ED4
:10ABE00027EA04454FEA1C4704FB07622CEA074C9E
:10ABF00005FB07F70CFB05F604FB0CFC16EB074600
:10AC000042EB174216EB0C4642EB1C421BEB0606CE
:10AC100058EB0202414146EA9E0601D5BDE8018992
:10AC2000B619524141EB0101A3F10103BDE80189CD
:10AC30004FEA14454FEA114724EA054621EA074C3A
:10AC400005FB07F406FB07F70CFB06F105FB0CFC04
:10AC500011EB074144EB17444FEA124711EB0C414B
:10AC600044EB1C4422EA074C05FB07F206FB07F7FE
:10AC70000CFB06F605FB0CFC16EB074642EB1742F5
:10AC800016EB0C4642EB1C456A1854F1000148BF14
:10AC90007047B619524141EB0101A3F1010370471E
:10ACA00095F0000F37D04FEA11424FEA144721EADE
:10ACB000024624EA074C02FB07F106FB07F70CFBF0
:10ACC00006F402FB0CFC14EB074441EB17414FEA7E
:10ACD000154714EB0C4441EB1C4125EA074C02FBE1
:10ACE00007F506FB07F70CFB06F602FB0CFC16EB60
:10ACF000074645EB174516EB0C4645EB1C4212196F
:10AD000051F1000148BF7047B619524141EB0101B2
:10AD1000A3F1010370474FEA14454FEA114724EAB3
:10AD2000054621EA074C05FB07F106FB07F70CFB7C
:10AD300006F24FF0000605FB0CFC12EB074241EB5C
:10AD4000174112EB0C4251EB1C4148BF704792185F
:10AD500041EB0101A3F101037047490050EAC12012
:10AD600018BF04204A0D18BF40F0010040F2FF72E6
:10AD7000B2EB515F08BF40F00200012808BF052078
:10AD8000704700002DE9F74F144694B00021C4E944
:10AD900002111599079121F00045C9498D4206DC41
:10ADA0001599C4E9000117B00020BDE8F08FC5492E
:10ADB000DFF814A3A9423CDD0799C44E0029C44F13
:10ADC000C44A1599534619DD01F072FB554506D06A
:10ADD000C14AC24B01F06CFBC4E900010AE04FF02C
:10ADE000D352BE4B01F064FB32463B4601F060FBA0
:10ADF000C4E9000117B00120BDE8F08F00F05AFE51
:10AE0000554506D0B44AB54B00F054FEC4E90001E4
:10AE10000AE04FF0D352B14B00F04CFE32463B46B5
:10AE200000F048FEC4E9000117B04FF0FF30BDE864
:10AE3000F08FAB49A942159978DB21F00041834698
:10AE40008846A84AA84B01F00DF90022A74B00F054
:10AE500031FE01F043F8099001F09DF806460F46D7
:10AE60009C4A534601F0FEF843465A4601F02EFA3A
:10AE700080468A46984A994B3046394601F0F2F8A6
:10AE80002A0D01250B924246534601F01FFA032D6D
:10AE9000C4E9000139D00B98C1F30A51401A05EBFF
:10AEA00045111139814230DA9148C346784400EBAC
:10AEB0000510CDF80CA00C90D0E90023304639469F
:10AEC00001F0D0F802460B460491069058460399CB
:10AED00001F0EEFA80468A4602460B465846039930
:10AEE00001F0E6FA049B069A01F0E2FA83460C9818
:10AEF00003913946D0E90223304601F0B3F85A46AF
:10AF0000039B01F0D5FA6D1CBDE707980028A2BF8E
:10AF1000099817B0BDE8F08F616881F00041616069
:10AF2000099817B04042BDE8F08FFFE784461598B6
:10AF3000C1F31301C0F30A50A0F2F5304FEA6018D4
:10AF400000F01F06C6F12000139000200690079025
:10AF500041F4801E05206D4676B1664A08EB00017B
:10AF60007A4452F8213002EB8101B3404A681399C8
:10AF700022FA01F1194305E05F4908EB0002794428
:10AF800051F82210A1FB0E27A1FB0C131A449A4280
:10AF900034BF0123002303EB070A05EB8003D3E949
:10AFA00001B70F448F4234BF0121002193448B44E9
:10AFB00011B1934502D903E0934501D2012100E08C
:10AFC0000021C3E901B7514445F82010011EA0F14A
:10AFD0000100C1DC0298059F00F10050800F129023
:10AFE0000298DDE90356800000F0D5FF834628462D
:10AFF0000D9100F0E7FF6FF01D0201F020FFCDE999
:10B000000E01304600F0DEFF6FF03D0201F017FF49
:10B0100080468A46384600F0D5FF6FF05D0201F0A9
:10B020000EFF074642465346119100F043FDDDE90D
:10B030000E2300F03FFD5A460D9B00F03BFD00251E
:10B040000E465A4628460D9B01F032FADDE90E23E2
:10B0500001F02EFA4246534601F02AFA3A46119B75
:10B0600001F034F9DFF898A0244A534600F0FAFFC3
:10B0700007468846234A244B3146284600F0F2FF13
:10B080003A46434600F016FD074688464FF0A84270
:10B0900053463146284600F0E5FF3A46434600F065
:10B0A00009FD159A12F0004F04D0129A81F0004168
:10B0B00052421292C4E90001129817B0BDE8F08F15
:10B0C000FB21E93F7CD90240FB21F93F7370032E3D
:10B0D0008A19A33B000040543163621A61B4D03D29
:10B0E000FB21394183C8C96D305FE43F0000E03F78
:10B0F000002200007C2100005E210000182D445435
:10B10000FB21F93D3326A611460B113C2DE9FF4DDD
:10B1100021F0004807460C46B8F1795F08DA00F0E4
:10B12000DDFE002801BF0020324904B0BDE8F08DEB
:10B130003A4623461046194600F094FF054602465B
:10B140002D480E460B460621784400F05DF82A464D
:10B15000334600F087FFDDE9022382468B463846FE
:10B16000214600F07FFF04460F4652465B462846C4
:10B17000314600F077FF22463B4601F099F9074639
:10B180008A464FF0FF322846314601F058FE1B4AEE
:10B1900090450ADA3A46534601F08AF904B0002293
:10B1A000BDE8F04D134B01F091B8154A4245A8BFD8
:10B1B000A8F500154FF00004B8BF124D22462B46EB
:10B1C00001F076F90646884622462B4600200949BA
:10B1D00001F06EF904460D463A4653463046414664
:10B1E00001F066F904B022462B46BDE8F04D01F0AF
:10B1F0006DB800000000F03F341F00003333D33F30
:10B200000000E93F0000D23F2DE9F0414F1E00EB66
:10B21000C7010446D1E9000115461E4637F0060273
:10B220000DD02A46334600F01DFF7F1E04EBC703F6
:10B23000D3E9002300F03EFC37F00602F1D1022FE3
:10B2400025D0042F13D0062F18BFBDE8F0812A4661
:10B25000334600F007FFD4E90A2300F02BFC2A460E
:10B26000334600F0FFFED4E9082300F023FC2A4611
:10B27000334600F0F7FED4E9062300F01BFC2A4613
:10B28000334600F0EFFED4E9042300F013FC2A4615
:10B29000334600F0E7FED4E9022300F00BFC2A4617
:10B2A000334600F0DFFED4E90023BDE8F04100F0B2
:10B2B00001BC00002DE9FF4D054621F0004084B09F
:10B2C0000C46B0F1795F0BDA2846FFF746FD0428FB
:10B2D00008BF00F06FF8284608B02146BDE8F08DA1
:10B2E0002A460B46104600F0BDFE06460F462A468B
:10B2F000234600F0B7FE804626488A4632463B4643
:10B3000005217844FFF780FF83461098029160B3CF
:10B31000214A224B4046514600F0A4FECDE90001EF
:10B320005A4640465146029B00F09CFE82468846A3
:10B33000DDE906014FF0FF3201F081FD5246434640
:10B3400001F0B6F832463B4600F08CFEDDE90623FC
:10B3500001F0AEF8DDE9002301F0AAF808B02A46B2
:10B360002346BDE8F04D00F0B1BF0B465A463046CB
:10B37000394600F077FE084A084B00F09BFB424636
:10B38000534600F06FFE08B02A462346BDE8F04D54
:10B3900000F090BB721E0000495555555555C5BF6C
:10B3A000012201F04CBD002213461046114600F068
:10B3B0003DBC0000024A0020110701F040BD000022
:10B3C00001FDFFFF30380A2801D20120704700201C
:10B3D000704700002DE9F04D0546DFF8388221F076
:10B3E00000408D4F82B00C46404520DBA0EB0801A9
:10B3F00029430BD08949884201DC10D17DB102B0CC
:10B4000028462146BDE8F04DFFF7CABF002CC7BF54
:10B41000002001468248394602B0BDE8F08D012087
:10B42000FEF7A7FA02B0BDE8F04DFFF7BCBF7D49BB
:10B43000884244DA7C498142A1BF79487B4902B005
:10B44000BDE8F08D2A4623461046194600F00AFE54
:10B450008346024676480E460B4606217844FFF79F
:10B46000D3FE5A46334600F0FDFD074671488A4632
:10B470005A46334604217844FFF7C6FE5A463346FF
:10B4800000F0F0FD0022434600F014FB02460B469C
:10B490003846514600F0CAFB2A46234600F0E2FD3A
:10B4A000654A664B00F012FF2A46234600F00EFF65
:10B4B00002B05B4ABDE8F04D5C4B00F007BF002CCA
:10B4C0004FF000024BDA464643462846214600F03C
:10B4D000F1FA4FF0FF3201F0B2FC04460246584840
:10B4E0000D460B4606217844FFF78EFE22462B467A
:10B4F00000F0B8FD804653488A4622462B46042178
:10B500007844FFF781FE22462B4600F0ABFD002277
:10B51000334600F0CFFA06468B462046294600F017
:10B5200045FA04460D4632465B464046514600F019
:10B530007DFB22462B4600F095FD3F4A3F4B00F035
:10B54000B7FF22462B4600F0B5FA012201F077FC46
:10B5500002B03B46BDE8F04D314A00F0B7BE2D4B7E
:10B560002846214600F0B2FE4FF0FF3201F067FCA2
:10B5700005460E4600F01AFA00270C4680463A4669
:10B580000B4600F097FA82468B463A462346104611
:10B59000194600F067FD2A46334600F097FE5246F2
:10B5A0005B4600F043FB824627488B462A463346DB
:10B5B00006217844FFF728FE2A46334600F052FD64
:10B5C000CDE9000121482A46334604217844FFF79B
:10B5D0001BFE2A46334600F045FD00220D4B00F0CD
:10B5E00069FA02460B46DDE9000100F01FFB424606
:10B5F000234600F037FD52465B4600F05BFA3A46C0
:10B60000234600F057FA02B00122BDE8F04D01F0E8
:10B6100016BC00000000F03FFB2109400000F07F55
:10B62000182D44540000E03F0000603CFB21F93F2E
:10B63000381B00004E1B0000075C143326A6913C0B
:10B64000AE1A0000C41A0000E2190000F819000048
:10B650002DE9F84F04460D4621F000400091734952
:10B66000814211DC7249884201DC06D12CB12046AE
:10B670002946BDE8F84FFFF793BE6E48002DCCBFBA
:10B680006D496E49BDE8F88F6D49814211DD6D4904
:10B690008142D8BF4FF0FF366DDD20462946FFF7C7
:10B6A0005CFB042808BFFFF785FE20462946BDE85D
:10B6B000F88F6549654F25F00045814233DD6449C7
:10B6C000814219DD002632464FF08043204629464C
:10B6D00000F0F0F980468A4601222046294601F012
:10B6E000AEFB00223B4600F0E3FE4246534600F02C
:10B6F0009DFA04460D463EE001260022BA463B462E
:10B700002046294600F0D6F980460F4600225346CF
:10B710002046294600F0CCFE42463B4600F086FA21
:10B7200004460D4627E04B4981421BDDDFF828A186
:10B730000226002253462046294600F093FC0022B0
:10B740003B4600F0B7F980460F460022534620469C
:10B75000294600F0ADFE42463B4600F067FA04463B
:10B760000D4608E0032622462B4600203B4900F008
:10B770005DFA04460D4622462B461046194600F057
:10B7800071FC8B46824602460B4600F06BFC074676
:10B790000246334888460B4606217844FFF734FDBD
:10B7A00052465B4600F05EFC82462E488B463A4687
:10B7B000434605217844FFF727FD3A46434600F00B
:10B7C00051FC02460B46002E504659460CDA00F05A
:10B7D00071F922462B4600F045FC01B022462B466B
:10B7E000BDE8F04F00F072BD00F064F922462B4630
:10B7F00000F038FC1C4A7A4402EBC603D3E900236C
:10B8000000F056FE22462B4600F052FE174A7A44BC
:10B8100002EBC603D3E9002300F058FD009A002A8A
:10B82000B8BF81F00041BDE8F88F0000000010446F
:10B830000000F07F182D4454FB21F93FFB21F9BF94
:10B840000000DC3F0000203E0000F33F0000F03F1E
:10B850000000E63F008003400000F83F0000F0BF1A
:10B86000B2180000701800000E180000D617000073
:10B8700000B5244B21F0004287B09A42DCBF002281
:10B88000134629DD204B9A4208D140B94FF0010000
:10B89000FEF76FF8FFF787FD07B000BD03DBFFF78A
:10B8A0007FFD07B000BD02AAFFF76CFA10F003019C
:10B8B00004BF0DF1080C9CE80F000DD001200129F8
:10B8C0000ED0022914D00DF1080C00909CE80F0056
:10B8D000FFF7F0FC07B000BDFFF718FC07B000BD94
:10B8E0000DF1080C00909CE80F00FFF7E3FC05E069
:10B8F0000DF1080C9CE80F00FFF708FC07B081F081
:10B90000004100BDFB21E93F0000F07F00B5254B61
:10B9100021F0004287B09A4203DC002213460092D5
:10B920002BE0214B9A4208D140B94FF00100FEF7BD
:10B9300020F8FFF738FD07B000BD03DBFFF730FD4F
:10B9400007B000BD02AAFFF71DFA10F003014FF087
:10B9500001000DD0012914D002291AD00DF1080CD4
:10B960009CE80F00FFF7D2FB07B081F0004100BD5B
:10B970000DF1080C00909CE80F00FFF79BFC07B04E
:10B9800000BD0DF1080C9CE80F00FFF7BFFB07B0EE
:10B9900000BD0DF1080C00909CE80F00FFF78AFC39
:10B9A000E2E70000FB21E93F0000F07F2DE9F041D4
:10B9B00006460F4600F096FC041E0D4618BF0120F7
:10B9C000284320F00040C0F17F6000F1E040C00F4C
:10B9D0000ED0301C18BF0120384320F00040C0F1C9
:10B9E0007F6000F1E040C00F04BF0120FDF7C1FF00
:10B9F00020462946BDE8F08110B500290AD0087814
:10BA0000002807D005487844FEF798FD002801D0AB
:10BA1000002010BD0248784410BD0000AA1C0000A0
:10BA2000A21C000010B500290AD00878002807D011
:10BA300005487844FEF782FD002801D0002010BDA3
:10BA40000248784410BD00009A1C0000921C0000BF
:10BA500021F00042A2F16052B2F5801F01F00043D4
:10BA600028BFD2F17F6C0BD95FEA001C43EAC20207
:10BA700042EB507018BF704728BF20F0010070479C
:10BA8000B2F5801FBCBF184670474FEA410C1CF549
:10BA9000001F02D2084601F0E8B870B500F08CFB38
:10BAA00000000089FFF7F6BF4FF00040A0F58000CE
:10BAB0007047000010B591EA030F48BF83F00043C0
:10BAC00000F1FE84841A71EB030C05D2121943EBCA
:10BAD0000C03001B61EB0C01DFF824E14FEA115469
:10BAE000A4EB135C1EEA430F18BF9EEA445F73D0B9
:10BAF00023EA0E03DCF1200E21EA045143F4801303
:10BB000032D322FA0CFE10EB0E0023FA0CFE41EBAE
:10BB10000E01CCF1200E03FA0EFE10EB0E0051F1D7
:10BB20000001B1F5801FCCF1200E32D201EB04519F
:10BB300012FA0EF2BDE8104058BF7047401C38BFE3
:10BB40005FEA420218BF7047002814BF20F00100CE
:10BB500041F100014FEA410313F5001F38BF704760
:10BB6000A1F1C04100F076BB012A43EB0302ACF126
:10BB7000200CDCF11F0E32BF4FF0000E23FA0CF345
:10BB800010EB030041EB0451B4EB115FD0D0A1EBFB
:10BB9000045101F5801149085FEA300001EB0451BE
:10BBA0000ED350F1000038BF12FA0EFE08D1BDE8E6
:10BBB0001040C9E7401C38BF5FEA4202CAD1C3E760
:10BBC000BDE810404FEA410313F5001F38BF70472E
:10BBD000A1F1C04100F03EBB9EEA445F08D011EAEB
:10BBE0005E0FBDE8104004BF01F000410020704727
:10BBF000BDE8104070B500F0DFFA00BF64FBBE3E48
:10BC00000000E0FF02494FF0000001F0E6B800BF7D
:10BC10000000F87F491058BFC1F140415B1058BF88
:10BC2000C3F140438B42EFF3008070472DE9C041E0
:10BC300030B4DFF8A0C23CEA111418BF3CEA131478
:10BC400000F0EC8081EA03051CEA111444EAD57483
:10BC500018BF1CEA131500F0C780A4EB05044FF0D1
:10BC6000004545EAC12145EAC32341EA505143EA70
:10BC7000525304F17F74994204F500344FEAC02016
:10BC80004FEAC22208BF904200F09C804FEA136541
:10BC90000FF24016765D4FEA134506FB05F7C7F134
:10BCA000807706FB07F74FEAD737A7FB0368764292
:10BCB000C8F58038A7FB06CE38BFA8F1010807FBFE
:10BCC00008E64FF0000EA6FB028CE6FB03CEDCF18B
:10BCD000000CCEF1004E38BFAEF1010EA6FB0C58A1
:10BCE0004FF000074FF00005E6FB0E87A1FB08C6EA
:10BCF000A0FB07CE16EB0E0645F10005E1FB07653C
:10BD000015F1E04E7EBFA4F580345FEA46066D4132
:10BD100016F1800745F100054FEA17274FEA06663E
:10BD200047EA0567A6F1DE46B6F1805F4FEA1525C2
:10BD30001FD9384624F0010C05EBC471BCF1FE6F2D
:10BD400001EB0C1102D8F0BCBDE8008124425CBFBD
:10BD500001F5801E9EEAC47F02D4F0BCBDE80081DC
:10BD6000244238D4F0BCA1F1C041BDE8004100F04C
:10BD700071BA4FEAD22242EA43524FEAD323A7FBD9
:10BD800002864FEAD02040EA415007FB03661EEAD4
:10BD90000E0F4FEAD12105FB026658BFA6EB0056F5
:10BDA000B6EB00564FEA520E4EEAC37E18EB0E0E6B
:10BDB00056EB530EBDD518EB02085E417F1C55F1C2
:10BDC0000005B6E74FF480154FF000074FF000066E
:10BDD0004FF00008ADE7F0BC4FF0000001F1C041AA
:10BDE00001F00041BDE8008111EA0C1F0CEA1315B7
:10BDF00000D00CE013EA0C1F00F025804FF000008B
:10BE0000F0BC81EA030101F00041BDE80081F0BC13
:10BE1000BDE8004181EA030100F01CBAF0BCBDE8B6
:10BE2000004170B500F0C8F9097EFC3E00F007B88B
:10BE300081EA03014FF0000001F00041704781EA00
:10BE4000030100F007BAF0BCBDE800414FF000006C
:10BE500021497047FFFDFBF9F7F5F4F2F0EEEDEB49
:10BE6000E9E8E6E4E3E1E0DEDDDBDAD8D7D5D4D3F8
:10BE7000D1D0CFCDCCCBCAC8C7C6C5C4C2C1C0BF44
:10BE8000BEBDBCBBBAB9B8B7B6B5B4B3B2B1B0AF4A
:10BE9000AEADACABAAA9A8A8A7A6A5A4A3A3A2A12E
:10BEA000A09F9F9E9D9C9C9B9A99999897979695E9
:10BEB00095949393929191908F8F8E8E8D8C8C8B85
:10BEC0008B8A89898888878786858584848383820D
:10BED000828181800000FF070000F87F4FEA410364
:10BEE0004FEA5353A3F58063D3F11E03C8BFD3F1C8
:10BEF000210C0CDD4FF0004242EAC12242EA5052CE
:10BF000032FA03FC8CEAE17CACEBE1707047102B59
:10BF1000C4BF0020704703F5787CBCF1FF3F04D01C
:10BF20006FF0004282EA2100704770B500F044F9DA
:10BF30004992248000207047F2E700004FEA115335
:10BF4000A3F58063D3F11E03A8BFD3F1200C08DB57
:10BF50004FF0004242EAC12252EA505232FA03F054
:10BF6000704709420BD4102BC4BF0020704703F563
:10BF7000787CBCF1FF3F05D04FF0FF3070474FF0A9
:10BF80000000704770B500F017F900BF4992248097
:10BF900000207047F0E710F0004248BF4042B0FA7E
:10BFA00080F310FA03F10AD0C3F11D0303F5806397
:10BFB0004FEA415002EB035202EBD12170474FF0A0
:10BFC00000007047B0FA80F310FA03F10AD0C3F111
:10BFD0001D0303F580634FEA41504FEA035202EB21
:10BFE000D12170474FF000007047000051EA030C68
:10BFF00017D41CF5801F58BFBCF5801F00F10680C8
:10C00000994218BF704708BF9042704707D711F593
:10C01000801F58BF13F5801F19D499427047894279
:10C0200070471CF5801F08D5BCF5801FF7D58B42E3
:10C0300018BF704708BF824270474FF4001C1CEBCA
:10C04000410F38BF1CEB430F01D28B42704770B5D4
:10C0500000F0B2F8922449004FF000514FF08053A5
:10C06000FFF7D8BDDFF848C170B51CEA111E1EBF2E
:10C070001CEA13159EEA0C0F95EA0C0F00F06F8076
:10C0800081EA030423EA4C134EEAD47E21EA4C11E0
:10C0900041F4801143F48013AE44A1FB024CA0FB99
:10C0A0000365AEF17F7E361955EB0C05A1FB034C01
:10C0B0004CF10003A0FB021C16EB0C06654153F18A
:10C0C0000003094218BF46F0010613F4007F0BD1AC
:10C0D0004FEA03314FEA0530340341EA155140EA93
:10C0E00016506FF003020AE04FEAC3214FEAC52061
:10C0F000F40241EA555140EA56506FF0020202EB59
:10C100002E4201EB025585EACE710AD05FEA440C5B
:10C1100018BF24F0004450F1000041F1000120EA72
:10C12000D47040F2FE7C624500D270BDA84214BFBC
:10C130004FF080444FF04044002E08BF0024BEF171
:10C14000806FA8BFA1F1C041BDE8704080F282803D
:10C150004FF0000001F1C04101F0004170479EEA3C
:10C160000C0F0CEA131518BF95EA0C0F06D04FF010
:10C17000000081EA030E0EF0004170BD00F01CF8D3
:10C180008900013E00F007B800F009B84FEA430CFF
:10C190005FEA5C5C08D081EA030100F05BB84FEA1B
:10C1A000410C5FEA5C5CF6D14FF00000014970473A
:10C1B0000000FF070000F87F0EF1020E2EF0030EC4
:10C1C0005EF8046B364205D4012A43EB030515F5EE
:10C1D000001F12D8012841EB010C1CF5001F0CD8E0
:10C1E0000ED14FEAD17C15F5001F0CEB4C0C0CF175
:10C1F000020C08BF4CEBD37C04E04FF0080C01E0CC
:10C200004FEAD37C0CEB4C0526FA05F606F0070640
:10C21000B6F1040C06D20EEB860CBDE870404CF073
:10C22000010C6047DFE80CF0090B02024FF00041FF
:10C230004FF00000A1F5002170BD194610460128FD
:10C2400051EB010418BFD4F5001484BF002001F0A5
:10C25000004170BD0808A0F500114FEA3101704798
:10C2600053EA010C17D41CF5801F58BFBCF5801F82
:10C2700000F106808B4218BF704708BF82427047AA
:10C2800007D713F5801F58BF11F5801F19D48B42B3
:10C2900070479B4270471CF5801F08D5BCF5801F76
:10C2A000F7D5994218BF704708BF904270474FF4C6
:10C2B000001C1CEB430F38BF1CEB410F01D299420D
:10C2C00070470FB40CBC03BCFFF7C1BE91EA030F6B
:10C2D00010B581F000413FF5F5AB83F0004300F06D
:10C2E000EFB800002DE9F04101F5801CBCF5001FFE
:10C2F000C0F2C3804FEA115C21EA0C510CF1FD0C35
:10C3000041F480115FEA5C0C0CF5C07C01D3400065
:10C3100049413DA4890241EA905187028E0E0A0CE0
:10C32000A45D04FB04F602FB06F6C6F14046A4FB3E
:10C330000662F60D46EA422606FB06F4A4FB01233C
:10C340005242C3F1404338BF5B1EA6FB02420024A9
:10C35000E6FB0324D20B42EA4446A6FB0623A1FBDC
:10C3600002E2A3FB07E4A4184FF0000252F100021E
:10C37000E3FB01426442C2F1404E38BFAEF1010E10
:10C38000A6FB04234FF00002E6FB0E32A2FB03469D
:10C390004FF00004B61954F10004E2FB0264A1FB63
:10C3A00006E6A4FB07E816EB08064FF0000858F174
:10C3B0000008E4FB01687642C8F1405838BFA8F194
:10C3C0000108A2FB06E4A3FB08E52D194FF00004C9
:10C3D00054F10004E2FB0854A1FB05E6A7FB04E8C6
:10C3E00018EB06084FF0000656F10006E1FB048644
:10C3F00018F1200556F10006A809A8F11B08B1099B
:10C4000008F03F08B8F10A0F40EA86601CD901EB3A
:10C410000C51BDE8F08100BFFCF5EEE8E2DDD8D3B9
:10C42000CFCBC7C3C0BDB9B6B4B1AEACA9A7A5A3A5
:10C43000A19F9D9B9A9896959392908F8D8C8B89B6
:10C440008887868584838281A0FB006800FB01F2D7
:10C4500008EB4208B8EB872807D5341858EB0104DD
:10C46000D5D5401C51F10001D1E7341A78EB010415
:10C47000CDD4401E71F10001C9E75FEA4C0C5FEAC0
:10C480009C5C0DD105D34FF0000001F00041BDE8E8
:10C49000F081BDE8F04170B5FFF78EFE6DDBFFBEA9
:10C4A000BDE8F0414FF00000004970470000F87F00
:10C4B00010B591EA030F48BF83F000433FF502AB8C
:10C4C000841A71EB030C07D212198CF0004C43EB69
:10C4D0000C03001B61EB0C01DFF8A4E14FEA1154DF
:10C4E000A4EB135C1EEA430F18BF9EEA445F00F002
:10C4F000B08023EA6E03524221EA0451C3EB6E037B
:10C5000038BF5B1EDCF1200E25D322FA0CFE10EBA7
:10C510000E0043FA0CFE41EB0E01CCF1200E03FAA3
:10C520000EFE10EB0E0051F10001CCF1200E29D4CB
:10C5300012FA0EF201EB0451BDE8104058BF7047EB
:10C54000401C1CBFB2F1004F704700280CBF491CB3
:10C5500020F00100704712EB020E43EB030218BFFC
:10C560004FF0010E4EEA4202ACF1200CDCF11E0E3F
:10C5700054D943FA0CFE10EB0E0051F1FF31CCF10F
:10C580001E0ED5D50EF1010E12FA0EFE404141EB02
:10C59000010101EB445C5FEA5C5C10D910EBDE70DA
:10C5A00001EB045138BFBEF1004FBDE8104018BF89
:10C5B000704700280CBF491C20F00100704730D2A2
:10C5C0004FEAD42C11F5001124F400641BD0B1FA09
:10C5D00081F20B3AA41AA41ED2F12003914030FA42
:10C5E00003F31943904001EBCC71002C01EB045193
:10C5F000BDE81040A8BF704701F1C0414FF00000F6
:10C6000001F000417047B0FA80F310FA03F100D155
:10C6100010BDE41A173C4805C90AE4E701EB0451D0
:10C6200010BD491001EB0451BDE810404FEA300045
:10C6300002E04FF0000170474A0008BF0042F8D006
:10C64000B2F5001F28BF704701F000414FF0000015
:10C6500070479EEA445F07D011EA5E0FBDE81040C4
:10C6600004BF002100207047BDE8104070B5FFF7FF
:10C67000A3FD00BF40DFF63E83F000411046704747
:10C680000000E0FF43004FEAD30C4FEA3C0C43406C
:10C690001FBF40070CF1605113F0FE4F70471CF0B4
:10C6A000006F03D100200CF0004170470CF00043F4
:10C6B00043EA507010B540EACC0000F090FA00BF99
:10C6C000000000924FEA0001FFF7C4BD4FF00041A7
:10C6D0004FF00000A1F500217047000090EA010F23
:10C6E00048BF81F0004100F10883421A3CBF801A24
:10C6F00089184FEAD0524FF07F4C1CEA410FA2EB51
:10C70000D15318BF9CEA026F00F03B804FF0004C01
:10C710004CEA00204CEA012121FA03FC10EB0C0C3E
:10C720001ED202F1FF325FEA1C2040EBC25038BF3C
:10C7300070471CF07F0F4FEA400C18BFBCF17F4FD1
:10C7400038BF7047C3F12003994008BF20F00100B3
:10C75000BCF17F4F38BF7047A0F1C04000F085BAF0
:10C760004FEA3C00000A40EBC25028BF1CF0FF0F0C
:10C770004FEA400CE6D018BFBCF17F4F38BF70477E
:10C78000EAE79CEA026F05D010EA5C0F08BF00F0F0
:10C790000040704710B500F022FA00BF64FBBE3EB7
:10C7A000401058BFC0F14040491058BFC1F140414E
:10C7B0008142EFF3008070474FF47F0C1CEAD012E7
:10C7C0001EBF1CEAD11392EA0C0F93EA0C0F00F083
:10C7D000858090EA010F48BF42F4807240F4000C5B
:10C7E00041F400002CF07F4120F07F4000B58142F1
:10C7F000A2EB03020FF2081CACEB504EC0F100009C
:10C800009EF800E04FEA4E0E00FB0EFC38BF4900D8
:10C810004FEA2C1C02F5FA020CFB0EF34FEACE1E77
:10C820004FEA112C4FEAC1210EEB635E42EB22422C
:10C830000EFB0CFC4FEA1C5300FB03114FEA112CBA
:10C840004FEA01310EFB0CFC4FEADC4C00FB0C11F3
:10C85000C14228BF09184CEB03335DF804EB10EB21
:10C86000410143EBC250B2F57C0F38BF704729D568
:10C8700012F0F00F1CBF00F1C04000F00040704704
:10C88000008182838485868788898B8C8D8E8F91A9
:10C890009293959697999A9C9D9FA0A2A3A5A7A8CD
:10C8A000AAACAEB0B2B3B5B7B9BCBEC0C2C5C7C9F9
:10C8B000CCCED1D4D7D9DCDFE2E6E9ECF0F3F7FA5D
:10C8C000FE0000004FEA400C0CF1807CBCF17E4F72
:10C8D00028BF7047B0F1C04000F0C7B990EA010F1F
:10C8E0000CEAD11348BF42F48072624538BF6345F9
:10C8F00007D213F47F0F16D080EA010000F0004049
:10C90000704710B500F06BF9097EFC3E00F005B8E9
:10C9100080EA010000F00040704780EA010000F06A
:10C92000004000F0A2B912F47F0F04BF0248704724
:10C9300080EA010000F099B90000C07F50EA010CC4
:10C9400000F113801CF5000F58BFBCF5000F01D497
:10C950008842704707D710F5000F58BF11F5000F38
:10C9600015D488427047894270471CF5000F04D5E2
:10C97000BCF5000FF7D5814270474FF0807C1CEB6F
:10C98000400F38BF1CEB410F01D28142704710B5F8
:10C9900000F025F9922449004FF000504FF08051EB
:10C9A000FFF7FEBE41000B0ED3F19E0208D950F4F2
:10C9B00000034FEA032323FA02F048BF40427047C6
:10C9C00010B500F00CF900BF499224800020704798
:10C9D0006FF0004282EA200070470000C10DD1F1E3
:10C9E0009E0206DB4FEA002343F0004323FA02F0E5
:10C9F0007047004207D54FEA4001B1F1FE4F02D225
:10CA00004FF00000704710B500F0E9F8499224801B
:10CA1000002070476FEA20007047000010F00041CE
:10CA200048BF4042B0FA80F310FA03F2C3F19D030D
:10CA30000BD051EAC35101EB1220530638BF7047A7
:10CA400000F1010008BF20F001007047B0FA80F348
:10CA500010FA03F2C3F19D030AD0D90501EB1220AD
:10CA6000530638BF704700F1010008BF20F00100F5
:10CA70007047000050EA010C00F113801CF5000F14
:10CA800058BFBCF5000F01D48842704707D710F596
:10CA9000000F58BF11F5000F15D488427047894226
:10CAA00070471CF5000F04D5BCF5000FF7D5814287
:10CAB00070474FF0807C1CEB400F38BF1CEB410FE0
:10CAC00001D28142704710B500F089F892244900E4
:10CAD0004FF000504FF08051FFF762BE4FF47F0CD3
:10CAE0001CEAD0121EBF1CEAD11392EA0C0F93EA83
:10CAF0000C0F00F0478090EA010F48BF42F48072AB
:10CB00004FF0004C4CEA00204CEA012102EB0302FA
:10CB1000A0FB0113A2F50002002918BF43F0010396
:10CB20005B0028BF4FEA330342EB22425FEA132C3B
:10CB30004CEBC2502EBFBCEB436FB2F57C0F70477D
:10CB40004FEA036CBCF1004F08BF20F00100B2F5C2
:10CB50007C0F38BF70470BD582F0FF0212F5803F83
:10CB6000C8BF704700F1C040D8BF00F00040704718
:10CB700000F5000C5FEA4C0C48BF7047B0F1C040B4
:10CB800000F073B890EA010F0CEAD11348BF42F4E9
:10CB90008072624538BF634504D280EA010000F02C
:10CBA0000040704710B500F01AF800BF8900013E40
:10CBB00000F007B800F009B85FEA410C5FEA1C6CAE
:10CBC00008D080EA010000F050B85FEA400C5FEA4C
:10CBD0001C6CF6D14FF00040A0F5800070470EF1BC
:10CBE000020E2EF0030E5EF8044B244204D44FEAEA
:10CBF0004102B2F17F4F11D84FEA4003B3F17F4FAA
:10CC00000CD80ED14FEAD07CB2F17F4F0CEB4C0C1C
:10CC10000CF1020C08BF4CEBD17C04E04FF0080C87
:10CC200001E04FEAD17C0CEB4C0324FA03F404F04E
:10CC30000704B4F1040C06D20EEB840CBDE81040DE
:10CC40004CF0010C6047DFE80CF0070802024FF0DF
:10CC50000040A0F5800010BD0846420018BFD2F188
:10CC6000807288BF00F0004010BDFF2141EAD05023
:10CC7000C005704751EA000C00F113801CF5000F4D
:10CC800058BFBCF5000F01D48142704707D711F59A
:10CC9000000F58BF10F5000F15D48142704789422C
:10CCA00070471CF5000F04D5BCF5000FF7D588427E
:10CCB00070474FF0807C1CEB410F38BF1CEB400FDE
:10CCC00001D28842704780EA010081EA000180EACF
:10CCD0000100FFF7F8BE80F0004090EA010F7FF5F9
:10CCE00004AD81F0004100F008B8000090EA010FA7
:10CCF00048BF81F000413FF5F8AC421A04D882F0F9
:10CD00000042A0EB020011444FEAD0524FF07F4C9A
:10CD10001CEA410FA2EBD15318BF9CEA026F4AD024
:10CD20004FF0004C4CEA00204CEA012121FA03FCB0
:10CD3000B0EB0C0C0FD412F0FE0F36D05FEA4C00B3
:10CD40001DD5001240EBC25038BF70471CF03F0F9A
:10CD500018BF70470BE0A2F101025FEA1C2040EB14
:10CD6000C25038BF70471CF07F0F18BF7047C3F127
:10CD70002003994014BF401E20F001007047800836
:10CD80004FEA122308BF7047B0FA80FCA2EB0C02F6
:10CD9000CCF1280C60FA0CF093EA122F04BF00EBE0
:10CDA000C25070474FEAC3707047130A5FEADC1045
:10CDB00008BF7047F6E79CEA026F04D010EA5C0FE8
:10CDC00008BF0020704710B5FFF709FF40DFF63EAF
:10CDD00081F000407047FCF704BF0CF00F03092BF3
:10CDE00008BF082000F059800A2B0BD0082B18BF71
:10CDF000704708BF1CF0400F0AD04FF000004FF002
:10CE0000000170471CF0400F18BF4FF00040704702
:10CE10001CF0100F08D020F0704300F07F4242EA6F
:10CE2000D3014FEA4370704700F0604021F07F4229
:10CE300042EA000201F07F4040EA727070474FF012
:10CE4000FF0C4CF4E06C1CEA11531CBF9CEA030C71
:10CE50009445C2BFDA4201EB02517047002B0DD05E
:10CE6000BCF1000F0FD0002A01F00041A4BF41F037
:10CE7000E04141F07F614FF00000704701F0004158
:10CE80004FF00000704750EA01334FF09B0C18BF81
:10CE90004CF0806C7EF4B6AE70471CF4801F11D04D
:10CEA0001CF4E02F03D06FEACC31490070474FF0FB
:10CEB0004050EFF3008222F0704242EA000282F317
:10CEC000008870474FF000007047000064320C2863
:10CED000F4000019CEE7F405D8F8EE630100000174
:10CEE0000000000044D60008010001010500000018
:10CEF00058D6000801010001FB00000078D60008A8
:10CF0000000001011400000064D6000801010000C7
:10CF1000EC00000088D60008000101010F000000AD
:10CF20004CD6000801010100F10000006CD6000899
:10CF300001010101630000002CD600080000000080
:10CF40006400000038D600081E0002002D0000001A
:10CF5000000000000000000000000000ECFFF1FFF6
:10CF6000F6FFFBFF00000000000005000A000500BE
:10CF7000000000000F000F000F0005000500F6FF85
:10CF8000F6FF00000400000800000000000000029E
:10CF90000001000010000000555555555555C53F7E
:10CFA0007D6FEB0312D6D4BF5544880E55C1C93FDF
:10CFB0003B8F68B52882A4BF88B20175E0EF493F76
:10CFC00009F7FD0DE13D023F4B2D8A1C273A03C0B6
:10CFD000C88A599CE52A004059018D1B6C06E6BFA2
:10CFE00082922EB1C5B8B33F4FBB610567ACDD3F40
:10CFF000182D4454FB21E93F9BF681D20B73EF3F80
:10D00000182D4454FB21F93FE2652F227F2B7A3CF7
:10D01000075C143326A6813CBDCBF07A8807703CB0
:10D02000075C143326A6913CC4EB98999999C9BF23
:10D03000711623FEC671BCBF6D9A74AFF2B0B3BF58
:10D040009AFDDE522DDEADBF2F6C6A2C44B4A2BF18
:10D050000D5555555555D53FFF8300922449C23F84
:10D060006E204CC5CD45B73F513DD0A0660DB13FB8
:10D07000EB0D76244B7BA93F11DA22E33AAD903FCA
:10D080004C5555555555A53F7751C1166CC156BFE6
:10D090009015CB19A001FA3EAD529C804F7E92BEF6
:10D0A000C4B1B4BD9EEE213ED43888BEE9FAA8BD15
:10D0B00000004054FB21F93F3163621A61B4D03D56
:10D0C0000000601A61B4D03D7370032E8A19A33B2F
:10D0D0000000002E8A19A33BC14920259A837B3981
:10D0E00000000000000000006E83F9A22915444EE4
:10D0F000D15727FCC0DD34F5999562DB4190433C64
:10D10000AB6351FE61C5BBDE3A6E24B7E0D24D423F
:10D11000EA2E49061C92D1091CEB1DFE3EA729B13F
:10D12000F53582E88444BB2E26709CE9417E5FB4CD
:10D1300039D69139F43953838B5F849C3B28F9BDF0
:10D14000FF97F81F0F9805DE8B112FEF1F6D0A5AFE
:10D15000CF7E366DB709CB27663F464F2DEA5F9EDF
:10D16000C7BA27757BF1E5EBF739073DEA92528A9A
:10D17000B15FFB6B085D8D1FA6F810111111813F87
:10D18000D561C119A0012ABF7DFEB157E31DC73E7D
:10D19000EB9C2B8AE6E55ABE7CD5CF5A3AD9E53DC1
:10D1A00002400000000000A0000000000540000058
:10D1B000000000C8000000000C4000000000409C7F
:10D1C00000000000194000000020BCBE000000006C
:10D1D00034400000BFC91B8E00000004B5400000B1
:10D1E000504BCFD06607E2CF010000006C41000039
:10D1F0003E8251AADFEEA73401000000D9420000B0
:10D20000DCB5A0E23A301F97FFFFFFFFB4450000F6
:10D21000FD25A0C8E9A3C14FFFFFFFFFFF3F0000AE
:10D220000000008000000000FF3F000000000080C0
:10D23000000000003C5053325F47524E30313A24D8
:10D24000534D4F44453130215E24534D4F444531B9
:10D2500030213E003C5053325F47524E30323A2428
:10D26000534D4F44453130215E24534D4F44453199
:10D2700030213E003C5053325F47524E31333A2406
:10D28000534D4F444530215E24534D4F444530218A
:10D290003E0000003C5053325F47524E31353A2435
:10D2A000534D4F444531215E24534D4F4445312168
:10D2B0003E0000003C5053325F47524E31363A2414
:10D2C000534D4F444532215E24534D4F4445322146
:10D2D0003E0000003C5053325F47524E31343A24F6
:10D2E000534D4F444533215E24534D4F4445332124
:10D2F0003E0000003C5053325F47524E30353A24D6
:10D30000534D4F444534215E24534D4F4445342101
:10D310003E0000003C5053325F47524E30363A24B4
:10D32000534D4F444535215E24534D4F44453521DF
:10D330003E0000003C5053325F47524E30383A2492
:10D34000534D4F444536215E24534D4F44453621BD
:10D350003E0000003C5053325F47524E30373A2473
:10D36000534D4F444537215E24534D4F444537219B
:10D370003E0000003C5053325F47524E30333A2457
:10D38000534D4F444538215E24534D4F4445382179
:10D390003E0000003C5053325F47524E30343A2436
:10D3A000534D4F444539215E24534D4F4445392157
:10D3B0003E0000003C5053325F47524E31323A2417
:10D3C000534D4152545F53544F50213E00000000D2
:10D3D0003C5053325F52454431323A24444A522140
:10D3E0003E0000003C5053325F52454430393A24ED
:10D3F000444A52213E0000003C5053325F47524E97
:10D4000030393A24444A52213E0000003C50533205
:10D410005F52454431363A23303030503234303068
:10D420005432303030215E23303030504453542158
:10D430003E0000003C5053325F52454431343A23A1
:10D4400030303050303630305432303030215E237E
:10D4500030303050445354213E0000003C50533291
:10D460005F52454431353A23303031503234303018
:10D470005432303030215E23303031504453542107
:10D480003E0000003C5053325F52454431333A2352
:10D4900030303150303630305432303030215E232D
:10D4A00030303150445354213E0000003C50533240
:10D4B0005F52454430353A233030325032343030C8
:10D4C0005432303030215E233030325044535421B6
:10D4D0003E0000003C5053325F52454430373A23FF
:10D4E00030303250303630305432303030215E23DC
:10D4F00030303250445354213E0000003C505332EF
:10D500005F52454430363A23303033503234303075
:10D510005432303030215E23303033504453542164
:10D520003E0000003C5053325F52454430383A23AD
:10D5300030303350303630305432303030215E238A
:10D5400030303350445354213E0000003C5053329D
:10D550005F52454430343A23303034503234303026
:10D560005432303030215E23303034504453542113
:10D570003E0000003C5053325F52454430333A2362
:10D5800030303450303630305432303030215E2339
:10D5900030303450445354213E0000003C5053324C
:10D5A0005F52454430323A233030355032343030D7
:10D5B0005432303030215E233030355044535421C2
:10D5C0003E0000003C5053325F52454430313A2314
:10D5D00030303550303630305432303030215E23E8
:10D5E00030303550445354213E0000003C505332FB
:10D5F0005F52454431303A3E000000003C50533207
:10D600005F47524E31303A3E000000003C505332EA
:10D610005F52454431313A3E000000003C505332E5
:10D620005F47524E31313A3E00000000416C6C20A1
:10D630005768697465000000416C6C20426C61633E
:10D640006B00000043656E74657200004D6F72657B
:10D65000204C656674000000536C69676874204C48
:10D66000656674004C656674000000004D6F72655D
:10D670002052696768740000536C696768742052AF
:10D6800069676874000000005269676874000000F0
:10D69000DCD7000800000020E40100006C01000855
:10D6A00074D80008E4010020A4200000C80100088C
:10D6B0001C00000043000000F8FFFFFF0C0000000A
:10D6C0000E0000000F0000002E00000010010000FE
:10D6D00043000000F8FFFFFF004040404040404052
:10D6E0004040414141414140404040404040404035
:10D6F00040404040404040404005020202020202D9
:10D700000202020202020202022020202020202027
:10D71000202020020202020202029090909090903B
:10D7200010101010101010101010101010101010F9
:10D73000101010100202020202028888888888886D
:10D740000808080808080808080808080808080859
:10D750000808080802020202400000000000000061
:10D7600000000000000000000000000000000000B9
:10D7700000000000000000000000000000000000A9
:10D780000000000000000000000000000000000099
:10D790000000000000000000000000000000000089
:10D7A0000000000000000000000000000000000079
:10D7B0000000000000000000000000000000000069
:10D7C0000000000000000000000000000000000059
:10D7D0000000000000000000000000001184A24AC8
:10D7E00004680901020304060708090C69100524EE
:10D7F0000204060813C4D51B089C041A74041A4CAE
:10D800000413ACD41B08FC041AD4041A241013E427
:10D81000D31B08EC08130CD61B08D00C1A84181A5A
:10D8200034041A5C042A0C0C12D21B0854041A7417
:10D830001C1A94041AF40C1A14081A54041A340406
:10D840001AF8041AFC401A1C401AB40C1A74201A54
:10D85000D4041A94041AB40401312205031AB80B33
:10D860005BFFFF08023A0112141202026523CBC8C3
:04D870004208A100C9
:0400000508000131BD
:00000001FF
